consideration_id,table162_decision_ids,applicable_decision_count,crop_use,taxon_receptor,scenario_applicability,theme,concise_consideration,direction,evidence_type,quantitative_value,source_document,source_table_section_appendix,traceability_status,uncertainty_qualification,relevance_to_table162_decision,related_existing_finding_trc_xrf_ids,evidence_interpretation_or_judgment
T162-C0001,T162-D0111; T162-D0123; T162-D0135; T162-D0147; T162-D0159; T162-D0171,6,Canola/Mustard,Bird; Acute; Large,All Table 162 scenarios in this crop-family/receptor/effect group; rate and method distinctions remain explicit in the decision matrix,QUANTITATIVE_BACKBONE,"maximum availability is about 9% (spring) and 25% (fall); high/mid broadcast scenarios can exceed acute metrics for about 6 days or more, while drilled and lower-rate scenarios are less severe.",INCREASES_CONCERN,DIRECT_QUANTITATIVE,See concise consideration and linked decision-level evidence,MAIN; TABLES,TABLES:Tables 42-50; MAIN-H0040; MAIN-P000668; MAIN-P000670; MAIN-P000672; MAIN-P000682; MAIN-P000689; MAIN-P000691; MAIN-P000697; MAIN-P000699; MAIN-P000701; MAIN-P000703; MAIN-P000705,TRACEABLE_WITH_QUALIFICATION,Values summarize the most decision-relevant extrema and duration contrasts; full ranges remain in cited tables and Phase 2B/3 registers.,Supplies the quantitative magnitude/duration backbone; it does not itself dictate the Table 162 position.,TRC-001,EVIDENCE
T162-C0002,T162-D0110; T162-D0122; T162-D0134; T162-D0146; T162-D0158; T162-D0170,6,Canola/Mustard,Bird; Acute; Medium,All Table 162 scenarios in this crop-family/receptor/effect group; rate and method distinctions remain explicit in the decision matrix,QUANTITATIVE_BACKBONE,"maximum availability is about 13% (spring) and 36% (fall); high/mid fall-drill and broadcast scenarios can sustain acute exceedance, whereas the low rate is materially lower.",INCREASES_CONCERN,DIRECT_QUANTITATIVE,See concise consideration and linked decision-level evidence,MAIN; TABLES,TABLES:Tables 42-50; MAIN-H0040; MAIN-P000668; MAIN-P000670; MAIN-P000672; MAIN-P000682; MAIN-P000689; MAIN-P000691; MAIN-P000697; MAIN-P000699; MAIN-P000701; MAIN-P000703; MAIN-P000705,TRACEABLE_WITH_QUALIFICATION,Values summarize the most decision-relevant extrema and duration contrasts; full ranges remain in cited tables and Phase 2B/3 registers.,Supplies the quantitative magnitude/duration backbone; it does not itself dictate the Table 162 position.,TRC-001,EVIDENCE
T162-C0003,T162-D0109; T162-D0121; T162-D0133; T162-D0145; T162-D0157; T162-D0169,6,Canola/Mustard,Bird; Acute; Small,All Table 162 scenarios in this crop-family/receptor/effect group; rate and method distinctions remain explicit in the decision matrix,QUANTITATIVE_BACKBONE,"spring-drill maximum surface availability is about 51% of diet and fall-drill about 142%; 100% and 50% scenarios at the higher loadings can exceed acute metrics for a week or more, with broadcast giving the greatest availability.",INCREASES_CONCERN,DIRECT_QUANTITATIVE,See concise consideration and linked decision-level evidence,MAIN; TABLES,TABLES:Tables 42-50; MAIN-H0040; MAIN-P000668; MAIN-P000670; MAIN-P000672; MAIN-P000682; MAIN-P000689; MAIN-P000691; MAIN-P000697; MAIN-P000699; MAIN-P000701; MAIN-P000703; MAIN-P000705,TRACEABLE_WITH_QUALIFICATION,Values summarize the most decision-relevant extrema and duration contrasts; full ranges remain in cited tables and Phase 2B/3 registers.,Supplies the quantitative magnitude/duration backbone; it does not itself dictate the Table 162 position.,TRC-001,EVIDENCE
T162-C0004,T162-D0114; T162-D0126; T162-D0138; T162-D0150; T162-D0162; T162-D0174,6,Canola/Mustard,Bird; Chronic; Large,All Table 162 scenarios in this crop-family/receptor/effect group; rate and method distinctions remain explicit in the decision matrix,QUANTITATIVE_BACKBONE,high/mid broadcast can sustain chronic exceedance for roughly 16 days or more; large-bird drilled scenarios are materially reduced by limited surface availability.,INCREASES_CONCERN,DIRECT_QUANTITATIVE,See concise consideration and linked decision-level evidence,MAIN; TABLES,TABLES:Tables 42-50; MAIN-H0040; MAIN-P000668; MAIN-P000670; MAIN-P000672; MAIN-P000682; MAIN-P000689; MAIN-P000691; MAIN-P000697; MAIN-P000699; MAIN-P000701; MAIN-P000703; MAIN-P000705,TRACEABLE_WITH_QUALIFICATION,Values summarize the most decision-relevant extrema and duration contrasts; full ranges remain in cited tables and Phase 2B/3 registers.,Supplies the quantitative magnitude/duration backbone; it does not itself dictate the Table 162 position.,TRC-001,EVIDENCE
T162-C0005,T162-D0113; T162-D0125; T162-D0137; T162-D0149; T162-D0161; T162-D0173,6,Canola/Mustard,Bird; Chronic; Medium,All Table 162 scenarios in this crop-family/receptor/effect group; rate and method distinctions remain explicit in the decision matrix,QUANTITATIVE_BACKBONE,high/mid broadcast or fall scenarios can retain chronic exceedance for roughly two weeks; low-rate conclusions depend strongly on realistic dietary fraction and planting method.,INCREASES_CONCERN,DIRECT_QUANTITATIVE,See concise consideration and linked decision-level evidence,MAIN; TABLES,TABLES:Tables 42-50; MAIN-H0040; MAIN-P000668; MAIN-P000670; MAIN-P000672; MAIN-P000682; MAIN-P000689; MAIN-P000691; MAIN-P000697; MAIN-P000699; MAIN-P000701; MAIN-P000703; MAIN-P000705,TRACEABLE_WITH_QUALIFICATION,Values summarize the most decision-relevant extrema and duration contrasts; full ranges remain in cited tables and Phase 2B/3 registers.,Supplies the quantitative magnitude/duration backbone; it does not itself dictate the Table 162 position.,TRC-001,EVIDENCE
T162-C0006,T162-D0112; T162-D0124; T162-D0136; T162-D0148; T162-D0160; T162-D0172,6,Canola/Mustard,Bird; Chronic; Small,All Table 162 scenarios in this crop-family/receptor/effect group; rate and method distinctions remain explicit in the decision matrix,QUANTITATIVE_BACKBONE,"higher-rate 100%/50% dietary cases can exceed chronic metrics for at least a week; broadcast availability supports longer exposure, while drilled 25%/10% refinements reduce it.",INCREASES_CONCERN,DIRECT_QUANTITATIVE,See concise consideration and linked decision-level evidence,MAIN; TABLES,TABLES:Tables 42-50; MAIN-H0040; MAIN-P000668; MAIN-P000670; MAIN-P000672; MAIN-P000682; MAIN-P000689; MAIN-P000691; MAIN-P000697; MAIN-P000699; MAIN-P000701; MAIN-P000703; MAIN-P000705,TRACEABLE_WITH_QUALIFICATION,Values summarize the most decision-relevant extrema and duration contrasts; full ranges remain in cited tables and Phase 2B/3 registers.,Supplies the quantitative magnitude/duration backbone; it does not itself dictate the Table 162 position.,TRC-001,EVIDENCE
T162-C0007,T162-D0117; T162-D0129; T162-D0141; T162-D0153; T162-D0165; T162-D0177,6,Canola/Mustard,Mammal; Acute; Large,All Table 162 scenarios in this crop-family/receptor/effect group; rate and method distinctions remain explicit in the decision matrix,QUANTITATIVE_BACKBONE,even 100% diet does not exceed the acute 314 mg/kg bw/d metric for large mammals.,INCREASES_CONCERN,DIRECT_QUANTITATIVE,See concise consideration and linked decision-level evidence,MAIN; TABLES,TABLES:Tables 114-120; MAIN-H0075; MAIN-H0076; MAIN-P001270; MAIN-P001275; MAIN-P001276; MAIN-P001282; MAIN-P001285; MAIN-P001288; MAIN-P001294; MAIN-P001299; MAIN-P001300; MAIN-P001301; MAIN-P001303,TRACEABLE_WITH_QUALIFICATION,Values summarize the most decision-relevant extrema and duration contrasts; full ranges remain in cited tables and Phase 2B/3 registers.,Supplies the quantitative magnitude/duration backbone; it does not itself dictate the Table 162 position.,TRC-001,EVIDENCE
T162-C0008,T162-D0116; T162-D0128; T162-D0140; T162-D0152; T162-D0164; T162-D0176,6,Canola/Mustard,Mammal; Acute; Medium,All Table 162 scenarios in this crop-family/receptor/effect group; rate and method distinctions remain explicit in the decision matrix,QUANTITATIVE_BACKBONE,"at the high loading, 100% diet exceeds 314 for about 7 days and 500 for less than 1 day; at 50% neither is exceeded.",INCREASES_CONCERN,DIRECT_QUANTITATIVE,See concise consideration and linked decision-level evidence,MAIN; TABLES,TABLES:Tables 114-120; MAIN-H0075; MAIN-H0076; MAIN-P001270; MAIN-P001275; MAIN-P001276; MAIN-P001282; MAIN-P001285; MAIN-P001288; MAIN-P001294; MAIN-P001299; MAIN-P001300; MAIN-P001301; MAIN-P001303,TRACEABLE_WITH_QUALIFICATION,Values summarize the most decision-relevant extrema and duration contrasts; full ranges remain in cited tables and Phase 2B/3 registers.,Supplies the quantitative magnitude/duration backbone; it does not itself dictate the Table 162 position.,TRC-001,EVIDENCE
T162-C0009,T162-D0115; T162-D0127; T162-D0139; T162-D0151; T162-D0163; T162-D0175,6,Canola/Mustard,Mammal; Acute; Small,All Table 162 scenarios in this crop-family/receptor/effect group; rate and method distinctions remain explicit in the decision matrix,QUANTITATIVE_BACKBONE,"at high rates, 100% diet can exceed 314 mg/kg bw/d for about 9 days and 500 for about 2; at 50% neither is exceeded. Chronic 79/150 durations at 100% are about 19-30/10-20 days, with substantial reduction at 25%.",INCREASES_CONCERN,DIRECT_QUANTITATIVE,See concise consideration and linked decision-level evidence,MAIN; TABLES,TABLES:Tables 114-120; MAIN-H0075; MAIN-H0076; MAIN-P001270; MAIN-P001275; MAIN-P001276; MAIN-P001282; MAIN-P001285; MAIN-P001288; MAIN-P001294; MAIN-P001299; MAIN-P001300; MAIN-P001301; MAIN-P001303,TRACEABLE_WITH_QUALIFICATION,Values summarize the most decision-relevant extrema and duration contrasts; full ranges remain in cited tables and Phase 2B/3 registers.,Supplies the quantitative magnitude/duration backbone; it does not itself dictate the Table 162 position.,TRC-001,EVIDENCE
T162-C0010,T162-D0120; T162-D0132; T162-D0144; T162-D0156; T162-D0168; T162-D0180,6,Canola/Mustard,Mammal; Chronic; Large,All Table 162 scenarios in this crop-family/receptor/effect group; rate and method distinctions remain explicit in the decision matrix,QUANTITATIVE_BACKBONE,"at high rates, 100% diet exceeds 79 for about 8-18 days and 150 for about 9 days; at 25%, 79 persists about 5 days and 150 is not exceeded.",INCREASES_CONCERN,DIRECT_QUANTITATIVE,See concise consideration and linked decision-level evidence,MAIN; TABLES,TABLES:Tables 114-120; MAIN-H0075; MAIN-H0076; MAIN-P001270; MAIN-P001275; MAIN-P001276; MAIN-P001282; MAIN-P001285; MAIN-P001288; MAIN-P001294; MAIN-P001299; MAIN-P001300; MAIN-P001301; MAIN-P001303,TRACEABLE_WITH_QUALIFICATION,Values summarize the most decision-relevant extrema and duration contrasts; full ranges remain in cited tables and Phase 2B/3 registers.,Supplies the quantitative magnitude/duration backbone; it does not itself dictate the Table 162 position.,TRC-001,EVIDENCE
T162-C0011,T162-D0119; T162-D0131; T162-D0143; T162-D0155; T162-D0167; T162-D0179,6,Canola/Mustard,Mammal; Chronic; Medium,All Table 162 scenarios in this crop-family/receptor/effect group; rate and method distinctions remain explicit in the decision matrix,QUANTITATIVE_BACKBONE,"at high rates, 100% diet exceeds 79/150 for about 17-27/7-18 days; at 25%, 79 persists about 7 days and 150 is not exceeded.",INCREASES_CONCERN,DIRECT_QUANTITATIVE,See concise consideration and linked decision-level evidence,MAIN; TABLES,TABLES:Tables 114-120; MAIN-H0075; MAIN-H0076; MAIN-P001270; MAIN-P001275; MAIN-P001276; MAIN-P001282; MAIN-P001285; MAIN-P001288; MAIN-P001294; MAIN-P001299; MAIN-P001300; MAIN-P001301; MAIN-P001303,TRACEABLE_WITH_QUALIFICATION,Values summarize the most decision-relevant extrema and duration contrasts; full ranges remain in cited tables and Phase 2B/3 registers.,Supplies the quantitative magnitude/duration backbone; it does not itself dictate the Table 162 position.,TRC-001,EVIDENCE
T162-C0012,T162-D0118; T162-D0130; T162-D0142; T162-D0154; T162-D0166; T162-D0178,6,Canola/Mustard,Mammal; Chronic; Small,All Table 162 scenarios in this crop-family/receptor/effect group; rate and method distinctions remain explicit in the decision matrix,QUANTITATIVE_BACKBONE,"at high rates, 100% diet exceeds 79/150 mg/kg bw/d for about 19-30/10-20 days; at 25%, 79 persists about 9 days at the high loading and 150 is not exceeded.",INCREASES_CONCERN,DIRECT_QUANTITATIVE,See concise consideration and linked decision-level evidence,MAIN; TABLES,TABLES:Tables 114-120; MAIN-H0075; MAIN-H0076; MAIN-P001270; MAIN-P001275; MAIN-P001276; MAIN-P001282; MAIN-P001285; MAIN-P001288; MAIN-P001294; MAIN-P001299; MAIN-P001300; MAIN-P001301; MAIN-P001303,TRACEABLE_WITH_QUALIFICATION,Values summarize the most decision-relevant extrema and duration contrasts; full ranges remain in cited tables and Phase 2B/3 registers.,Supplies the quantitative magnitude/duration backbone; it does not itself dictate the Table 162 position.,TRC-001,EVIDENCE
T162-C0013,T162-D1431; T162-D1443; T162-D1455; T162-D1467; T162-D1479; T162-D1491; T162-D1503; T162-D1515; T162-D1527; T162-D1539,10,Corn,Bird; Acute; Large,All Table 162 scenarios in this crop-family/receptor/effect group; rate and method distinctions remain explicit in the decision matrix,QUANTITATIVE_BACKBONE,"the quantitative tables cover this body size, but the current risk-characterization narrative provides no medium- or large-bird decision synthesis.",UNCERTAIN,DIRECT_QUANTITATIVE,See concise consideration and linked decision-level evidence,MAIN; TABLES,TABLES:Tables 54-65; MAIN-H0043; MAIN-H0045; MAIN-P000777; MAIN-P000780; MAIN-P000782; MAIN-P000784; MAIN-P000786,TRACEABLE_WITH_QUALIFICATION,Values summarize the most decision-relevant extrema and duration contrasts; full ranges remain in cited tables and Phase 2B/3 registers.,Supplies the quantitative magnitude/duration backbone; it does not itself dictate the Table 162 position.,TRC-001,EVIDENCE
T162-C0014,T162-D1430; T162-D1442; T162-D1454; T162-D1466; T162-D1478; T162-D1490; T162-D1502; T162-D1514; T162-D1526; T162-D1538,10,Corn,Bird; Acute; Medium,All Table 162 scenarios in this crop-family/receptor/effect group; rate and method distinctions remain explicit in the decision matrix,QUANTITATIVE_BACKBONE,"the quantitative tables cover this body size, but the current risk-characterization narrative provides no medium- or large-bird decision synthesis.",UNCERTAIN,DIRECT_QUANTITATIVE,See concise consideration and linked decision-level evidence,MAIN; TABLES,TABLES:Tables 54-65; MAIN-H0043; MAIN-H0045; MAIN-P000777; MAIN-P000780; MAIN-P000782; MAIN-P000784; MAIN-P000786,TRACEABLE_WITH_QUALIFICATION,Values summarize the most decision-relevant extrema and duration contrasts; full ranges remain in cited tables and Phase 2B/3 registers.,Supplies the quantitative magnitude/duration backbone; it does not itself dictate the Table 162 position.,TRC-001,EVIDENCE
T162-C0015,T162-D1429; T162-D1441; T162-D1453; T162-D1465; T162-D1477; T162-D1489; T162-D1501; T162-D1513; T162-D1525; T162-D1537,10,Corn,Bird; Acute; Small,All Table 162 scenarios in this crop-family/receptor/effect group; rate and method distinctions remain explicit in the decision matrix,QUANTITATIVE_BACKBONE,"with spill cleanup, an estimated 5-35% of diet (<1-9 seeds) is available; at 0.25 mg/seed, 35% diet is below the highest tested dose with no mortality. about 2-20% of diet (<1-11 seeds) is estimated available; at 0.25 mg/seed, 20% diet approaches the first mortality dose (140 versus 155 mg/kg bw/d), while 0.125 mg/seed reaches at most 67% of the no-mortality dose.",INCREASES_CONCERN,DIRECT_QUANTITATIVE,See concise consideration and linked decision-level evidence,MAIN; TABLES,TABLES:Tables 54-65; MAIN-H0043; MAIN-H0045; MAIN-P000777; MAIN-P000780; MAIN-P000782; MAIN-P000784; MAIN-P000786,TRACEABLE_WITH_QUALIFICATION,Values summarize the most decision-relevant extrema and duration contrasts; full ranges remain in cited tables and Phase 2B/3 registers.,Supplies the quantitative magnitude/duration backbone; it does not itself dictate the Table 162 position.,TRC-001,EVIDENCE
T162-C0016,T162-D1434; T162-D1446; T162-D1458; T162-D1470; T162-D1482; T162-D1494; T162-D1506; T162-D1518; T162-D1530; T162-D1542,10,Corn,Bird; Chronic; Large,All Table 162 scenarios in this crop-family/receptor/effect group; rate and method distinctions remain explicit in the decision matrix,QUANTITATIVE_BACKBONE,"the quantitative tables cover this body size, but the current risk-characterization narrative provides no medium- or large-bird decision synthesis.",UNCERTAIN,DIRECT_QUANTITATIVE,See concise consideration and linked decision-level evidence,MAIN; TABLES,TABLES:Tables 54-65; MAIN-H0043; MAIN-H0045; MAIN-P000777; MAIN-P000780; MAIN-P000782; MAIN-P000784; MAIN-P000786,TRACEABLE_WITH_QUALIFICATION,Values summarize the most decision-relevant extrema and duration contrasts; full ranges remain in cited tables and Phase 2B/3 registers.,Supplies the quantitative magnitude/duration backbone; it does not itself dictate the Table 162 position.,TRC-001,EVIDENCE
T162-C0017,T162-D1433; T162-D1445; T162-D1457; T162-D1469; T162-D1481; T162-D1493; T162-D1505; T162-D1517; T162-D1529; T162-D1541,10,Corn,Bird; Chronic; Medium,All Table 162 scenarios in this crop-family/receptor/effect group; rate and method distinctions remain explicit in the decision matrix,QUANTITATIVE_BACKBONE,"the quantitative tables cover this body size, but the current risk-characterization narrative provides no medium- or large-bird decision synthesis.",UNCERTAIN,DIRECT_QUANTITATIVE,See concise consideration and linked decision-level evidence,MAIN; TABLES,TABLES:Tables 54-65; MAIN-H0043; MAIN-H0045; MAIN-P000777; MAIN-P000780; MAIN-P000782; MAIN-P000784; MAIN-P000786,TRACEABLE_WITH_QUALIFICATION,Values summarize the most decision-relevant extrema and duration contrasts; full ranges remain in cited tables and Phase 2B/3 registers.,Supplies the quantitative magnitude/duration backbone; it does not itself dictate the Table 162 position.,TRC-001,EVIDENCE
T162-C0018,T162-D1432; T162-D1444; T162-D1456; T162-D1468; T162-D1480; T162-D1492; T162-D1504; T162-D1516; T162-D1528; T162-D1540,10,Corn,Bird; Chronic; Small,All Table 162 scenarios in this crop-family/receptor/effect group; rate and method distinctions remain explicit in the decision matrix,QUANTITATIVE_BACKBONE,even 0.125 mg/seed at 10% treated-seed diet can exceed the 7.78 mg/kg bw/d chronic metric for about 10 days and the 10.8 reproduction-effect level for about 6 days.,INCREASES_CONCERN,DIRECT_QUANTITATIVE,See concise consideration and linked decision-level evidence,MAIN; TABLES,TABLES:Tables 54-65; MAIN-H0043; MAIN-H0045; MAIN-P000777; MAIN-P000780; MAIN-P000782; MAIN-P000784; MAIN-P000786,TRACEABLE_WITH_QUALIFICATION,Values summarize the most decision-relevant extrema and duration contrasts; full ranges remain in cited tables and Phase 2B/3 registers.,Supplies the quantitative magnitude/duration backbone; it does not itself dictate the Table 162 position.,TRC-001,EVIDENCE
T162-C0019,T162-D1437; T162-D1449; T162-D1461; T162-D1473; T162-D1485; T162-D1497; T162-D1509; T162-D1521; T162-D1533; T162-D1545,10,Corn,Mammal; Acute; Large,All Table 162 scenarios in this crop-family/receptor/effect group; rate and method distinctions remain explicit in the decision matrix,QUANTITATIVE_BACKBONE,lower rates are not expected to reach acute mortality-effect levels; the no-clinical-sign level is exceeded for at most about 3 days in the small-mammal 0.25 mg/seed case. 50-100% diet at the maximum sweet/popcorn loadings can reach doses associated with clinical signs and mortality; the 5000 mg/kg exception for large mammals is noted.,INCREASES_CONCERN,DIRECT_QUANTITATIVE,See concise consideration and linked decision-level evidence,MAIN; TABLES,TABLES:Tables 122-136; MAIN-H0077; MAIN-H0079; MAIN-P001390; MAIN-P001392; MAIN-P001398; MAIN-P001401; MAIN-P001403; MAIN-P001405; MAIN-P001407; MAIN-P001409; MAIN-P001411,TRACEABLE_WITH_QUALIFICATION,Values summarize the most decision-relevant extrema and duration contrasts; full ranges remain in cited tables and Phase 2B/3 registers.,Supplies the quantitative magnitude/duration backbone; it does not itself dictate the Table 162 position.,TRC-001,EVIDENCE
T162-C0020,T162-D1436; T162-D1448; T162-D1460; T162-D1472; T162-D1484; T162-D1496; T162-D1508; T162-D1520; T162-D1532; T162-D1544,10,Corn,Mammal; Acute; Medium,All Table 162 scenarios in this crop-family/receptor/effect group; rate and method distinctions remain explicit in the decision matrix,QUANTITATIVE_BACKBONE,lower rates are not expected to reach acute mortality-effect levels; the no-clinical-sign level is exceeded for at most about 3 days in the small-mammal 0.25 mg/seed case. 50-100% diet at the maximum sweet/popcorn loadings can reach doses associated with clinical signs and mortality; the 5000 mg/kg exception for large mammals is noted.,INCREASES_CONCERN,DIRECT_QUANTITATIVE,See concise consideration and linked decision-level evidence,MAIN; TABLES,TABLES:Tables 122-136; MAIN-H0077; MAIN-H0079; MAIN-P001390; MAIN-P001392; MAIN-P001398; MAIN-P001401; MAIN-P001403; MAIN-P001405; MAIN-P001407; MAIN-P001409; MAIN-P001411,TRACEABLE_WITH_QUALIFICATION,Values summarize the most decision-relevant extrema and duration contrasts; full ranges remain in cited tables and Phase 2B/3 registers.,Supplies the quantitative magnitude/duration backbone; it does not itself dictate the Table 162 position.,TRC-001,EVIDENCE
T162-C0021,T162-D1435; T162-D1447; T162-D1459; T162-D1471; T162-D1483; T162-D1495; T162-D1507; T162-D1519; T162-D1531; T162-D1543,10,Corn,Mammal; Acute; Small,All Table 162 scenarios in this crop-family/receptor/effect group; rate and method distinctions remain explicit in the decision matrix,QUANTITATIVE_BACKBONE,lower rates are not expected to reach acute mortality-effect levels; the no-clinical-sign level is exceeded for at most about 3 days in the small-mammal 0.25 mg/seed case. 50-100% diet at the maximum sweet/popcorn loadings can reach doses associated with clinical signs and mortality; the 5000 mg/kg exception for large mammals is noted.,INCREASES_CONCERN,DIRECT_QUANTITATIVE,See concise consideration and linked decision-level evidence,MAIN; TABLES,TABLES:Tables 122-136; MAIN-H0077; MAIN-H0079; MAIN-P001390; MAIN-P001392; MAIN-P001398; MAIN-P001401; MAIN-P001403; MAIN-P001405; MAIN-P001407; MAIN-P001409; MAIN-P001411,TRACEABLE_WITH_QUALIFICATION,Values summarize the most decision-relevant extrema and duration contrasts; full ranges remain in cited tables and Phase 2B/3 registers.,Supplies the quantitative magnitude/duration backbone; it does not itself dictate the Table 162 position.,TRC-001,EVIDENCE
T162-C0022,T162-D1440; T162-D1452; T162-D1464; T162-D1476; T162-D1488; T162-D1500; T162-D1512; T162-D1524; T162-D1536; T162-D1548,10,Corn,Mammal; Chronic; Large,All Table 162 scenarios in this crop-family/receptor/effect group; rate and method distinctions remain explicit in the decision matrix,QUANTITATIVE_BACKBONE,"at 1000 mg/kg, 79 mg/kg bw/d is exceeded for about 5 days at 50% and 15 days at 100% diet without reaching observed survival/reproduction effects; lower loadings are narrower. maximum sweet/popcorn loadings can cause prolonged exceedance of growth/survival effect levels at 50-100% diet, except the large-mammal 5000 mg/kg case.",INCREASES_CONCERN,DIRECT_QUANTITATIVE,See concise consideration and linked decision-level evidence,MAIN; TABLES,TABLES:Tables 122-136; MAIN-H0077; MAIN-H0079; MAIN-P001390; MAIN-P001392; MAIN-P001398; MAIN-P001401; MAIN-P001403; MAIN-P001405; MAIN-P001407; MAIN-P001409; MAIN-P001411,TRACEABLE_WITH_QUALIFICATION,Values summarize the most decision-relevant extrema and duration contrasts; full ranges remain in cited tables and Phase 2B/3 registers.,Supplies the quantitative magnitude/duration backbone; it does not itself dictate the Table 162 position.,TRC-001,EVIDENCE
T162-C0023,T162-D1439; T162-D1451; T162-D1463; T162-D1475; T162-D1487; T162-D1499; T162-D1511; T162-D1523; T162-D1535; T162-D1547,10,Corn,Mammal; Chronic; Medium,All Table 162 scenarios in this crop-family/receptor/effect group; rate and method distinctions remain explicit in the decision matrix,QUANTITATIVE_BACKBONE,"at 1000 mg/kg, 79 mg/kg bw/d is exceeded for about 5 days at 50% and 15 days at 100% diet without reaching observed survival/reproduction effects; lower loadings are narrower. maximum sweet/popcorn loadings can cause prolonged exceedance of growth/survival effect levels at 50-100% diet, except the large-mammal 5000 mg/kg case.",INCREASES_CONCERN,DIRECT_QUANTITATIVE,See concise consideration and linked decision-level evidence,MAIN; TABLES,TABLES:Tables 122-136; MAIN-H0077; MAIN-H0079; MAIN-P001390; MAIN-P001392; MAIN-P001398; MAIN-P001401; MAIN-P001403; MAIN-P001405; MAIN-P001407; MAIN-P001409; MAIN-P001411,TRACEABLE_WITH_QUALIFICATION,Values summarize the most decision-relevant extrema and duration contrasts; full ranges remain in cited tables and Phase 2B/3 registers.,Supplies the quantitative magnitude/duration backbone; it does not itself dictate the Table 162 position.,TRC-001,EVIDENCE
T162-C0024,T162-D1438; T162-D1450; T162-D1462; T162-D1474; T162-D1486; T162-D1498; T162-D1510; T162-D1522; T162-D1534; T162-D1546,10,Corn,Mammal; Chronic; Small,All Table 162 scenarios in this crop-family/receptor/effect group; rate and method distinctions remain explicit in the decision matrix,QUANTITATIVE_BACKBONE,"at 1000 mg/kg, 79 mg/kg bw/d is exceeded for about 5 days at 50% and 15 days at 100% diet without reaching observed survival/reproduction effects; lower loadings are narrower. maximum sweet/popcorn loadings can cause prolonged exceedance of growth/survival effect levels at 50-100% diet, except the large-mammal 5000 mg/kg case.",INCREASES_CONCERN,DIRECT_QUANTITATIVE,See concise consideration and linked decision-level evidence,MAIN; TABLES,TABLES:Tables 122-136; MAIN-H0077; MAIN-H0079; MAIN-P001390; MAIN-P001392; MAIN-P001398; MAIN-P001401; MAIN-P001403; MAIN-P001405; MAIN-P001407; MAIN-P001409; MAIN-P001411,TRACEABLE_WITH_QUALIFICATION,Values summarize the most decision-relevant extrema and duration contrasts; full ranges remain in cited tables and Phase 2B/3 registers.,Supplies the quantitative magnitude/duration backbone; it does not itself dictate the Table 162 position.,TRC-001,EVIDENCE
T162-C0025,T162-D1551; T162-D1563; T162-D1575; T162-D1587; T162-D1599; T162-D1611; T162-D1623; T162-D1635; T162-D1647; T162-D1659,10,Cucurbits,Bird; Acute; Large,All Table 162 scenarios in this crop-family/receptor/effect group; rate and method distinctions remain explicit in the decision matrix,QUANTITATIVE_BACKBONE,even the estimated maximum 109 surface seeds remains below the acute no-mortality threshold; only standard-drilled cucumber may reach the first clinical-sign level.,INCREASES_CONCERN,DIRECT_QUANTITATIVE,See concise consideration and linked decision-level evidence,MAIN; TABLES,TABLES:Tables 66-74; MAIN-H0046; MAIN-H0048; MAIN-P000791; MAIN-P000795; MAIN-P000804; MAIN-P000806; MAIN-P000808; MAIN-P000813; MAIN-P000815; MAIN-P000818; MAIN-P000822; MAIN-P000824; MAIN-P000826; MAIN-P000831; MAIN-P000835; MAIN-P000837; MAIN-P000839; MAIN-P000849; MAIN-P000851; MAIN-P000857; MAIN-P000859; MAIN-P000861,TRACEABLE_WITH_QUALIFICATION,Values summarize the most decision-relevant extrema and duration contrasts; full ranges remain in cited tables and Phase 2B/3 registers.,Supplies the quantitative magnitude/duration backbone; it does not itself dictate the Table 162 position.,TRC-001,EVIDENCE
T162-C0026,T162-D1550; T162-D1562; T162-D1574; T162-D1586; T162-D1598; T162-D1610; T162-D1622; T162-D1634; T162-D1646; T162-D1658,10,Cucurbits,Bird; Acute; Medium,All Table 162 scenarios in this crop-family/receptor/effect group; rate and method distinctions remain explicit in the decision matrix,QUANTITATIVE_BACKBONE,standard drilling may provide 8.6-54 cucumber seeds and >20 high-rate seeds reach 155 mg/kg bw; precision planting provides at most 8.3 seeds and remains below the first acute clinical-sign level.,DECREASES_CONCERN,DIRECT_QUANTITATIVE,See concise consideration and linked decision-level evidence,MAIN; TABLES,TABLES:Tables 66-74; MAIN-H0046; MAIN-H0048; MAIN-P000791; MAIN-P000795; MAIN-P000804; MAIN-P000806; MAIN-P000808; MAIN-P000813; MAIN-P000815; MAIN-P000818; MAIN-P000822; MAIN-P000824; MAIN-P000826; MAIN-P000831; MAIN-P000835; MAIN-P000837; MAIN-P000839; MAIN-P000849; MAIN-P000851; MAIN-P000857; MAIN-P000859; MAIN-P000861,TRACEABLE_WITH_QUALIFICATION,Values summarize the most decision-relevant extrema and duration contrasts; full ranges remain in cited tables and Phase 2B/3 registers.,Supplies the quantitative magnitude/duration backbone; it does not itself dictate the Table 162 position.,TRC-001,EVIDENCE
T162-C0027,T162-D1549; T162-D1561; T162-D1573; T162-D1585; T162-D1597; T162-D1609; T162-D1621; T162-D1633; T162-D1645; T162-D1657,10,Cucurbits,Bird; Acute; Small,All Table 162 scenarios in this crop-family/receptor/effect group; rate and method distinctions remain explicit in the decision matrix,QUANTITATIVE_BACKBONE,"standard-drilled processing cucumber can provide 8.6-54 surface seeds; >4 high-rate or >12 low-rate seeds reach the 155 mg/kg bw mortality level. Precision cucumber provides about 1-6 seeds, sufficient at the high but not low rate.",INCREASES_CONCERN,DIRECT_QUANTITATIVE,See concise consideration and linked decision-level evidence,MAIN; TABLES,TABLES:Tables 66-74; MAIN-H0046; MAIN-H0048; MAIN-P000791; MAIN-P000795; MAIN-P000804; MAIN-P000806; MAIN-P000808; MAIN-P000813; MAIN-P000815; MAIN-P000818; MAIN-P000822; MAIN-P000824; MAIN-P000826; MAIN-P000831; MAIN-P000835; MAIN-P000837; MAIN-P000839; MAIN-P000849; MAIN-P000851; MAIN-P000857; MAIN-P000859; MAIN-P000861,TRACEABLE_WITH_QUALIFICATION,Values summarize the most decision-relevant extrema and duration contrasts; full ranges remain in cited tables and Phase 2B/3 registers.,Supplies the quantitative magnitude/duration backbone; it does not itself dictate the Table 162 position.,TRC-001,EVIDENCE
T162-C0028,T162-D1554; T162-D1566; T162-D1578; T162-D1590; T162-D1602; T162-D1614; T162-D1626; T162-D1638; T162-D1650; T162-D1662,10,Cucurbits,Bird; Chronic; Large,All Table 162 scenarios in this crop-family/receptor/effect group; rate and method distinctions remain explicit in the decision matrix,QUANTITATIVE_BACKBONE,"standard-drilled cucumber can provide 17-109 seeds and exceed 7.78 mg/kg bw/d by over tenfold at the high rate; precision scenarios generally remain below the metric except upper-rate/high-seeding cucumber, for at most about one week.",INCREASES_CONCERN,DIRECT_QUANTITATIVE,See concise consideration and linked decision-level evidence,MAIN; TABLES,TABLES:Tables 66-74; MAIN-H0046; MAIN-H0048; MAIN-P000791; MAIN-P000795; MAIN-P000804; MAIN-P000806; MAIN-P000808; MAIN-P000813; MAIN-P000815; MAIN-P000818; MAIN-P000822; MAIN-P000824; MAIN-P000826; MAIN-P000831; MAIN-P000835; MAIN-P000837; MAIN-P000839; MAIN-P000849; MAIN-P000851; MAIN-P000857; MAIN-P000859; MAIN-P000861,TRACEABLE_WITH_QUALIFICATION,Values summarize the most decision-relevant extrema and duration contrasts; full ranges remain in cited tables and Phase 2B/3 registers.,Supplies the quantitative magnitude/duration backbone; it does not itself dictate the Table 162 position.,TRC-001,EVIDENCE
T162-C0029,T162-D1553; T162-D1565; T162-D1577; T162-D1589; T162-D1601; T162-D1613; T162-D1625; T162-D1637; T162-D1649; T162-D1661,10,Cucurbits,Bird; Chronic; Medium,All Table 162 scenarios in this crop-family/receptor/effect group; rate and method distinctions remain explicit in the decision matrix,QUANTITATIVE_BACKBONE,"two high-rate or four low-rate seeds exceed 7.78 mg/kg bw/d; precision melon generally provides fewer than two seeds in the MSA, while cucumber standard/precision can exceed four.",INCREASES_CONCERN,DIRECT_QUANTITATIVE,See concise consideration and linked decision-level evidence,MAIN; TABLES,TABLES:Tables 66-74; MAIN-H0046; MAIN-H0048; MAIN-P000791; MAIN-P000795; MAIN-P000804; MAIN-P000806; MAIN-P000808; MAIN-P000813; MAIN-P000815; MAIN-P000818; MAIN-P000822; MAIN-P000824; MAIN-P000826; MAIN-P000831; MAIN-P000835; MAIN-P000837; MAIN-P000839; MAIN-P000849; MAIN-P000851; MAIN-P000857; MAIN-P000859; MAIN-P000861,TRACEABLE_WITH_QUALIFICATION,Values summarize the most decision-relevant extrema and duration contrasts; full ranges remain in cited tables and Phase 2B/3 registers.,Supplies the quantitative magnitude/duration backbone; it does not itself dictate the Table 162 position.,TRC-001,EVIDENCE
T162-C0030,T162-D1552; T162-D1564; T162-D1576; T162-D1588; T162-D1600; T162-D1612; T162-D1624; T162-D1636; T162-D1648; T162-D1660,10,Cucurbits,Bird; Chronic; Small,All Table 162 scenarios in this crop-family/receptor/effect group; rate and method distinctions remain explicit in the decision matrix,QUANTITATIVE_BACKBONE,one seed exceeds 7.78 mg/kg bw/d; a single seed remains above that level for about 1 week at 0.25 and 3 weeks at 0.75 mg/seed.,INCREASES_CONCERN,DIRECT_QUANTITATIVE,See concise consideration and linked decision-level evidence,MAIN; TABLES,TABLES:Tables 66-74; MAIN-H0046; MAIN-H0048; MAIN-P000791; MAIN-P000795; MAIN-P000804; MAIN-P000806; MAIN-P000808; MAIN-P000813; MAIN-P000815; MAIN-P000818; MAIN-P000822; MAIN-P000824; MAIN-P000826; MAIN-P000831; MAIN-P000835; MAIN-P000837; MAIN-P000839; MAIN-P000849; MAIN-P000851; MAIN-P000857; MAIN-P000859; MAIN-P000861,TRACEABLE_WITH_QUALIFICATION,Values summarize the most decision-relevant extrema and duration contrasts; full ranges remain in cited tables and Phase 2B/3 registers.,Supplies the quantitative magnitude/duration backbone; it does not itself dictate the Table 162 position.,TRC-001,EVIDENCE
T162-C0031,T162-D1557; T162-D1569; T162-D1581; T162-D1593; T162-D1605; T162-D1617; T162-D1629; T162-D1641; T162-D1653; T162-D1665,10,Cucurbits,Mammal; Acute; Large,All Table 162 scenarios in this crop-family/receptor/effect group; rate and method distinctions remain explicit in the decision matrix,QUANTITATIVE_BACKBONE,"the assessment supplies crop-, rate- and body-size-specific availability, seeds-needed and EDE/duration calculations, but the mammalian Cucurbits risk-characterization section contains no completed synthesis linking them to Table 162.",UNCERTAIN,DIRECT_QUANTITATIVE,See concise consideration and linked decision-level evidence,MAIN; TABLES,TABLES:Tables 137-145; MAIN-H0080; MAIN-H0082; MAIN-P001417; MAIN-P001419; MAIN-P001425; MAIN-P001433; MAIN-P001435; MAIN-P001437; MAIN-P001440; MAIN-P001444; MAIN-P001509; PH-00022,TRACEABLE_WITH_QUALIFICATION,Values summarize the most decision-relevant extrema and duration contrasts; full ranges remain in cited tables and Phase 2B/3 registers.,Supplies the quantitative magnitude/duration backbone; it does not itself dictate the Table 162 position.,PH-00022; TRC-001,EVIDENCE
T162-C0032,T162-D1556; T162-D1568; T162-D1580; T162-D1592; T162-D1604; T162-D1616; T162-D1628; T162-D1640; T162-D1652; T162-D1664,10,Cucurbits,Mammal; Acute; Medium,All Table 162 scenarios in this crop-family/receptor/effect group; rate and method distinctions remain explicit in the decision matrix,QUANTITATIVE_BACKBONE,"the assessment supplies crop-, rate- and body-size-specific availability, seeds-needed and EDE/duration calculations, but the mammalian Cucurbits risk-characterization section contains no completed synthesis linking them to Table 162.",UNCERTAIN,DIRECT_QUANTITATIVE,See concise consideration and linked decision-level evidence,MAIN; TABLES,TABLES:Tables 137-145; MAIN-H0080; MAIN-H0082; MAIN-P001417; MAIN-P001419; MAIN-P001425; MAIN-P001433; MAIN-P001435; MAIN-P001437; MAIN-P001440; MAIN-P001444; MAIN-P001509; PH-00022,TRACEABLE_WITH_QUALIFICATION,Values summarize the most decision-relevant extrema and duration contrasts; full ranges remain in cited tables and Phase 2B/3 registers.,Supplies the quantitative magnitude/duration backbone; it does not itself dictate the Table 162 position.,PH-00022; TRC-001,EVIDENCE
T162-C0033,T162-D1555; T162-D1567; T162-D1579; T162-D1591; T162-D1603; T162-D1615; T162-D1627; T162-D1639; T162-D1651; T162-D1663,10,Cucurbits,Mammal; Acute; Small,All Table 162 scenarios in this crop-family/receptor/effect group; rate and method distinctions remain explicit in the decision matrix,QUANTITATIVE_BACKBONE,"the assessment supplies crop-, rate- and body-size-specific availability, seeds-needed and EDE/duration calculations, but the mammalian Cucurbits risk-characterization section contains no completed synthesis linking them to Table 162.",UNCERTAIN,DIRECT_QUANTITATIVE,See concise consideration and linked decision-level evidence,MAIN; TABLES,TABLES:Tables 137-145; MAIN-H0080; MAIN-H0082; MAIN-P001417; MAIN-P001419; MAIN-P001425; MAIN-P001433; MAIN-P001435; MAIN-P001437; MAIN-P001440; MAIN-P001444; MAIN-P001509; PH-00022,TRACEABLE_WITH_QUALIFICATION,Values summarize the most decision-relevant extrema and duration contrasts; full ranges remain in cited tables and Phase 2B/3 registers.,Supplies the quantitative magnitude/duration backbone; it does not itself dictate the Table 162 position.,PH-00022; TRC-001,EVIDENCE
T162-C0034,T162-D1560; T162-D1572; T162-D1584; T162-D1596; T162-D1608; T162-D1620; T162-D1632; T162-D1644; T162-D1656; T162-D1668,10,Cucurbits,Mammal; Chronic; Large,All Table 162 scenarios in this crop-family/receptor/effect group; rate and method distinctions remain explicit in the decision matrix,QUANTITATIVE_BACKBONE,"the assessment supplies crop-, rate- and body-size-specific availability, seeds-needed and EDE/duration calculations, but the mammalian Cucurbits risk-characterization section contains no completed synthesis linking them to Table 162.",UNCERTAIN,DIRECT_QUANTITATIVE,See concise consideration and linked decision-level evidence,MAIN; TABLES,TABLES:Tables 137-145; MAIN-H0080; MAIN-H0082; MAIN-P001417; MAIN-P001419; MAIN-P001425; MAIN-P001433; MAIN-P001435; MAIN-P001437; MAIN-P001440; MAIN-P001444; MAIN-P001509; PH-00022,TRACEABLE_WITH_QUALIFICATION,Values summarize the most decision-relevant extrema and duration contrasts; full ranges remain in cited tables and Phase 2B/3 registers.,Supplies the quantitative magnitude/duration backbone; it does not itself dictate the Table 162 position.,PH-00022; TRC-001,EVIDENCE
T162-C0035,T162-D1559; T162-D1571; T162-D1583; T162-D1595; T162-D1607; T162-D1619; T162-D1631; T162-D1643; T162-D1655; T162-D1667,10,Cucurbits,Mammal; Chronic; Medium,All Table 162 scenarios in this crop-family/receptor/effect group; rate and method distinctions remain explicit in the decision matrix,QUANTITATIVE_BACKBONE,"the assessment supplies crop-, rate- and body-size-specific availability, seeds-needed and EDE/duration calculations, but the mammalian Cucurbits risk-characterization section contains no completed synthesis linking them to Table 162.",UNCERTAIN,DIRECT_QUANTITATIVE,See concise consideration and linked decision-level evidence,MAIN; TABLES,TABLES:Tables 137-145; MAIN-H0080; MAIN-H0082; MAIN-P001417; MAIN-P001419; MAIN-P001425; MAIN-P001433; MAIN-P001435; MAIN-P001437; MAIN-P001440; MAIN-P001444; MAIN-P001509; PH-00022,TRACEABLE_WITH_QUALIFICATION,Values summarize the most decision-relevant extrema and duration contrasts; full ranges remain in cited tables and Phase 2B/3 registers.,Supplies the quantitative magnitude/duration backbone; it does not itself dictate the Table 162 position.,PH-00022; TRC-001,EVIDENCE
T162-C0036,T162-D1558; T162-D1570; T162-D1582; T162-D1594; T162-D1606; T162-D1618; T162-D1630; T162-D1642; T162-D1654; T162-D1666,10,Cucurbits,Mammal; Chronic; Small,All Table 162 scenarios in this crop-family/receptor/effect group; rate and method distinctions remain explicit in the decision matrix,QUANTITATIVE_BACKBONE,"the assessment supplies crop-, rate- and body-size-specific availability, seeds-needed and EDE/duration calculations, but the mammalian Cucurbits risk-characterization section contains no completed synthesis linking them to Table 162.",UNCERTAIN,DIRECT_QUANTITATIVE,See concise consideration and linked decision-level evidence,MAIN; TABLES,TABLES:Tables 137-145; MAIN-H0080; MAIN-H0082; MAIN-P001417; MAIN-P001419; MAIN-P001425; MAIN-P001433; MAIN-P001435; MAIN-P001437; MAIN-P001440; MAIN-P001444; MAIN-P001509; PH-00022,TRACEABLE_WITH_QUALIFICATION,Values summarize the most decision-relevant extrema and duration contrasts; full ranges remain in cited tables and Phase 2B/3 registers.,Supplies the quantitative magnitude/duration backbone; it does not itself dictate the Table 162 position.,PH-00022; TRC-001,EVIDENCE
T162-C0037,T162-D0183; T162-D0195; T162-D0207; T162-D0219; T162-D0231; T162-D0243; T162-D0255; T162-D0267; T162-D0279; T162-D0291; T162-D0303; T162-D0315; T162-D0327; T162-D0339; T162-D0351; T162-D0363; T162-D0375; T162-D0387; T162-D0399; T162-D0411; T162-D0423; T162-D0435; T162-D0447; T162-D0459; T162-D0471; T162-D0483; T162-D0495; T162-D0507; T162-D0519; T162-D0531; T162-D0543; T162-D0555; T162-D0567; T162-D0579; T162-D0591; T162-D0603; T162-D0615; T162-D0627; T162-D0639; T162-D0651; T162-D0663; T162-D0675; T162-D0687; T162-D0699; T162-D0711; T162-D0723; T162-D0735; T162-D0747; T162-D0759; T162-D0771; T162-D0783; T162-D0795; T162-D0807; T162-D0819; T162-D0831; T162-D0843; T162-D0855; T162-D0867; T162-D0879; T162-D0891; T162-D0903; T162-D0915; T162-D0927; T162-D0939; T162-D0951; T162-D0963; T162-D0975; T162-D0987; T162-D0999; T162-D1011; T162-D1023; T162-D1035; T162-D1047; T162-D1059; T162-D1071; T162-D1083; T162-D1095; T162-D1107; T162-D1119; T162-D1131; T162-D1143; T162-D1155; T162-D1167; T162-D1179; T162-D1191; T162-D1203; T162-D1215; T162-D1227; T162-D1239; T162-D1251; T162-D1263; T162-D1275; T162-D1287; T162-D1299; T162-D1311; T162-D1323; T162-D1335; T162-D1347; T162-D1359; T162-D1371; T162-D1383; T162-D1395; T162-D1407; T162-D1419,104,Legumes,Bird; Acute; Large,All Table 162 scenarios in this crop-family/receptor/effect group; rate and method distinctions remain explicit in the decision matrix,QUANTITATIVE_BACKBONE,"the overall acute characterization reports non-negligible population effects unlikely, based on dose magnitude plus limited dietary plausibility; body-size-specific acute synthesis is limited.",CONTEXT_ONLY,DIRECT_QUANTITATIVE,See concise consideration and linked decision-level evidence,MAIN; TABLES,TABLES:Tables 27-29; TABLES:Tables 32-40; Phase 3B Legumes workbook reconciliation; MAIN-H0037; MAIN-H0039; MAIN-P000509; MAIN-P000511; MAIN-P000515; MAIN-P000517; MAIN-P000519; MAIN-P000521; MAIN-P000536; MAIN-P000538; MAIN-P000547; MAIN-P000560; MAIN-P000567; MAIN-P000575; MAIN-P000577; MAIN-P000584; MAIN-P000591; MAIN-P000598; MAIN-P000605,TRACEABLE_WITH_RECONCILED_EXCEPTIONS,Values summarize the most decision-relevant extrema and duration contrasts; full ranges remain in cited tables and Phase 2B/3 registers.,Supplies the quantitative magnitude/duration backbone; it does not itself dictate the Table 162 position.,CAL-004; CON-004; TRC-001,EVIDENCE
T162-C0038,T162-D0182; T162-D0194; T162-D0206; T162-D0218; T162-D0230; T162-D0242; T162-D0254; T162-D0266; T162-D0278; T162-D0290; T162-D0302; T162-D0314; T162-D0326; T162-D0338; T162-D0350; T162-D0362; T162-D0374; T162-D0386; T162-D0398; T162-D0410; T162-D0422; T162-D0434; T162-D0446; T162-D0458; T162-D0470; T162-D0482; T162-D0494; T162-D0506; T162-D0518; T162-D0530; T162-D0542; T162-D0554; T162-D0566; T162-D0578; T162-D0590; T162-D0602; T162-D0614; T162-D0626; T162-D0638; T162-D0650; T162-D0662; T162-D0674; T162-D0686; T162-D0698; T162-D0710; T162-D0722; T162-D0734; T162-D0746; T162-D0758; T162-D0770; T162-D0782; T162-D0794; T162-D0806; T162-D0818; T162-D0830; T162-D0842; T162-D0854; T162-D0866; T162-D0878; T162-D0890; T162-D0902; T162-D0914; T162-D0926; T162-D0938; T162-D0950; T162-D0962; T162-D0974; T162-D0986; T162-D0998; T162-D1010; T162-D1022; T162-D1034; T162-D1046; T162-D1058; T162-D1070; T162-D1082; T162-D1094; T162-D1106; T162-D1118; T162-D1130; T162-D1142; T162-D1154; T162-D1166; T162-D1178; T162-D1190; T162-D1202; T162-D1214; T162-D1226; T162-D1238; T162-D1250; T162-D1262; T162-D1274; T162-D1286; T162-D1298; T162-D1310; T162-D1322; T162-D1334; T162-D1346; T162-D1358; T162-D1370; T162-D1382; T162-D1394; T162-D1406; T162-D1418,104,Legumes,Bird; Acute; Medium,All Table 162 scenarios in this crop-family/receptor/effect group; rate and method distinctions remain explicit in the decision matrix,QUANTITATIVE_BACKBONE,"the overall acute characterization reports non-negligible population effects unlikely, based on dose magnitude plus limited dietary plausibility; body-size-specific acute synthesis is limited.",CONTEXT_ONLY,DIRECT_QUANTITATIVE,See concise consideration and linked decision-level evidence,MAIN; TABLES,TABLES:Tables 27-29; TABLES:Tables 32-40; Phase 3B Legumes workbook reconciliation; MAIN-H0037; MAIN-H0039; MAIN-P000509; MAIN-P000511; MAIN-P000515; MAIN-P000517; MAIN-P000519; MAIN-P000521; MAIN-P000536; MAIN-P000538; MAIN-P000547; MAIN-P000560; MAIN-P000567; MAIN-P000575; MAIN-P000577; MAIN-P000584; MAIN-P000591; MAIN-P000598; MAIN-P000605,TRACEABLE_WITH_RECONCILED_EXCEPTIONS,Values summarize the most decision-relevant extrema and duration contrasts; full ranges remain in cited tables and Phase 2B/3 registers.,Supplies the quantitative magnitude/duration backbone; it does not itself dictate the Table 162 position.,CAL-004; TRC-001,EVIDENCE
T162-C0039,T162-D0181; T162-D0193; T162-D0205; T162-D0217; T162-D0229; T162-D0241; T162-D0253; T162-D0265; T162-D0277; T162-D0289; T162-D0301; T162-D0313; T162-D0325; T162-D0337; T162-D0349; T162-D0361; T162-D0373; T162-D0385; T162-D0397; T162-D0409; T162-D0421; T162-D0433; T162-D0445; T162-D0457; T162-D0469; T162-D0481; T162-D0493; T162-D0505; T162-D0517; T162-D0529; T162-D0541; T162-D0553; T162-D0565; T162-D0577; T162-D0589; T162-D0601; T162-D0613; T162-D0625; T162-D0637; T162-D0649; T162-D0661; T162-D0673; T162-D0685; T162-D0697; T162-D0709; T162-D0721; T162-D0733; T162-D0745; T162-D0757; T162-D0769; T162-D0781; T162-D0793; T162-D0805; T162-D0817; T162-D0829; T162-D0841; T162-D0853; T162-D0865; T162-D0877; T162-D0889; T162-D0901; T162-D0913; T162-D0925; T162-D0937; T162-D0949; T162-D0961; T162-D0973; T162-D0985; T162-D0997; T162-D1009; T162-D1021; T162-D1033; T162-D1045; T162-D1057; T162-D1069; T162-D1081; T162-D1093; T162-D1105; T162-D1117; T162-D1129; T162-D1141; T162-D1153; T162-D1165; T162-D1177; T162-D1189; T162-D1201; T162-D1213; T162-D1225; T162-D1237; T162-D1249; T162-D1261; T162-D1273; T162-D1285; T162-D1297; T162-D1309; T162-D1321; T162-D1333; T162-D1345; T162-D1357; T162-D1369; T162-D1381; T162-D1393; T162-D1405; T162-D1417,104,Legumes,Bird; Acute; Small,All Table 162 scenarios in this crop-family/receptor/effect group; rate and method distinctions remain explicit in the decision matrix,QUANTITATIVE_BACKBONE,"the narrative proposes 25% diet as an upper bound and states 43.1 mg/kg bw/d is not exceeded, but the reconciled upper Vigna 0.076 mg/seed result is 53.02 mg/kg bw/d for about 2.99 days. At 560 mg/kg and 100% diet, 67 is exceeded about 11 days and 104 about 5 days, without reaching 155.",INCREASES_CONCERN,DIRECT_QUANTITATIVE,See concise consideration and linked decision-level evidence,MAIN; TABLES,TABLES:Tables 27-29; TABLES:Tables 32-40; Phase 3B Legumes workbook reconciliation; MAIN-H0037; MAIN-H0039; MAIN-P000509; MAIN-P000511; MAIN-P000515; MAIN-P000517; MAIN-P000519; MAIN-P000521; MAIN-P000536; MAIN-P000538; MAIN-P000547; MAIN-P000560; MAIN-P000567; MAIN-P000575; MAIN-P000577; MAIN-P000584; MAIN-P000591; MAIN-P000598; MAIN-P000605,TRACEABLE_WITH_RECONCILED_EXCEPTIONS,Values summarize the most decision-relevant extrema and duration contrasts; full ranges remain in cited tables and Phase 2B/3 registers.,Supplies the quantitative magnitude/duration backbone; it does not itself dictate the Table 162 position.,CAL-004; CON-005; TRC-001,EVIDENCE
T162-C0040,T162-D0186; T162-D0198; T162-D0210; T162-D0222; T162-D0234; T162-D0246; T162-D0258; T162-D0270; T162-D0282; T162-D0294; T162-D0306; T162-D0318; T162-D0330; T162-D0342; T162-D0354; T162-D0366; T162-D0378; T162-D0390; T162-D0402; T162-D0414; T162-D0426; T162-D0438; T162-D0450; T162-D0462; T162-D0474; T162-D0486; T162-D0498; T162-D0510; T162-D0522; T162-D0534; T162-D0546; T162-D0558; T162-D0570; T162-D0582; T162-D0594; T162-D0606; T162-D0618; T162-D0630; T162-D0642; T162-D0654; T162-D0666; T162-D0678; T162-D0690; T162-D0702; T162-D0714; T162-D0726; T162-D0738; T162-D0750; T162-D0762; T162-D0774; T162-D0786; T162-D0798; T162-D0810; T162-D0822; T162-D0834; T162-D0846; T162-D0858; T162-D0870; T162-D0882; T162-D0894; T162-D0906; T162-D0918; T162-D0930; T162-D0942; T162-D0954; T162-D0966; T162-D0978; T162-D0990; T162-D1002; T162-D1014; T162-D1026; T162-D1038; T162-D1050; T162-D1062; T162-D1074; T162-D1086; T162-D1098; T162-D1110; T162-D1122; T162-D1134; T162-D1146; T162-D1158; T162-D1170; T162-D1182; T162-D1194; T162-D1206; T162-D1218; T162-D1230; T162-D1242; T162-D1254; T162-D1266; T162-D1278; T162-D1290; T162-D1302; T162-D1314; T162-D1326; T162-D1338; T162-D1350; T162-D1362; T162-D1374; T162-D1386; T162-D1398; T162-D1410; T162-D1422,104,Legumes,Bird; Chronic; Large,All Table 162 scenarios in this crop-family/receptor/effect group; rate and method distinctions remain explicit in the decision matrix,QUANTITATIVE_BACKBONE,"100% diet produces up to about 26 days above 7.78. At 0.076 mg/seed, durations are 0-26, 0-16 and 0-6.4 days at 100%, 50% and 25% diet; at 0.045 mg/seed they are 0-19, 0-8.9 and 0 days.",CONTEXT_ONLY,DIRECT_QUANTITATIVE,See concise consideration and linked decision-level evidence,MAIN; TABLES,TABLES:Tables 27-29; TABLES:Tables 32-40; Phase 3B Legumes workbook reconciliation; MAIN-H0037; MAIN-H0039; MAIN-P000509; MAIN-P000511; MAIN-P000515; MAIN-P000517; MAIN-P000519; MAIN-P000521; MAIN-P000536; MAIN-P000538; MAIN-P000547; MAIN-P000560; MAIN-P000567; MAIN-P000575; MAIN-P000577; MAIN-P000584; MAIN-P000591; MAIN-P000598; MAIN-P000605,TRACEABLE_WITH_RECONCILED_EXCEPTIONS,Values summarize the most decision-relevant extrema and duration contrasts; full ranges remain in cited tables and Phase 2B/3 registers.,Supplies the quantitative magnitude/duration backbone; it does not itself dictate the Table 162 position.,CAL-004; CON-004; TRC-001,EVIDENCE
T162-C0041,T162-D0185; T162-D0197; T162-D0209; T162-D0221; T162-D0233; T162-D0245; T162-D0257; T162-D0269; T162-D0281; T162-D0293; T162-D0305; T162-D0317; T162-D0329; T162-D0341; T162-D0353; T162-D0365; T162-D0377; T162-D0389; T162-D0401; T162-D0413; T162-D0425; T162-D0437; T162-D0449; T162-D0461; T162-D0473; T162-D0485; T162-D0497; T162-D0509; T162-D0521; T162-D0533; T162-D0545; T162-D0557; T162-D0569; T162-D0581; T162-D0593; T162-D0605; T162-D0617; T162-D0629; T162-D0641; T162-D0653; T162-D0665; T162-D0677; T162-D0689; T162-D0701; T162-D0713; T162-D0725; T162-D0737; T162-D0749; T162-D0761; T162-D0773; T162-D0785; T162-D0797; T162-D0809; T162-D0821; T162-D0833; T162-D0845; T162-D0857; T162-D0869; T162-D0881; T162-D0893; T162-D0905; T162-D0917; T162-D0929; T162-D0941; T162-D0953; T162-D0965; T162-D0977; T162-D0989; T162-D1001; T162-D1013; T162-D1025; T162-D1037; T162-D1049; T162-D1061; T162-D1073; T162-D1085; T162-D1097; T162-D1109; T162-D1121; T162-D1133; T162-D1145; T162-D1157; T162-D1169; T162-D1181; T162-D1193; T162-D1205; T162-D1217; T162-D1229; T162-D1241; T162-D1253; T162-D1265; T162-D1277; T162-D1289; T162-D1301; T162-D1313; T162-D1325; T162-D1337; T162-D1349; T162-D1361; T162-D1373; T162-D1385; T162-D1397; T162-D1409; T162-D1421,104,Legumes,Bird; Chronic; Medium,All Table 162 scenarios in this crop-family/receptor/effect group; rate and method distinctions remain explicit in the decision matrix,QUANTITATIVE_BACKBONE,"100% diet produces about 7-44 days above 7.78. At 0.076 mg/seed, durations are 15-44, 4.5-34 and 0-24 days at 100%, 50% and 25% diet; at 0.045 mg/seed, 7.4-37, 0-27 and 0-17 days.",CONTEXT_ONLY,DIRECT_QUANTITATIVE,See concise consideration and linked decision-level evidence,MAIN; TABLES,TABLES:Tables 27-29; TABLES:Tables 32-40; Phase 3B Legumes workbook reconciliation; MAIN-H0037; MAIN-H0039; MAIN-P000509; MAIN-P000511; MAIN-P000515; MAIN-P000517; MAIN-P000519; MAIN-P000521; MAIN-P000536; MAIN-P000538; MAIN-P000547; MAIN-P000560; MAIN-P000567; MAIN-P000575; MAIN-P000577; MAIN-P000584; MAIN-P000591; MAIN-P000598; MAIN-P000605,TRACEABLE_WITH_RECONCILED_EXCEPTIONS,Values summarize the most decision-relevant extrema and duration contrasts; full ranges remain in cited tables and Phase 2B/3 registers.,Supplies the quantitative magnitude/duration backbone; it does not itself dictate the Table 162 position.,CAL-004; TRC-001,EVIDENCE
T162-C0042,T162-D0184; T162-D0196; T162-D0208; T162-D0220; T162-D0232; T162-D0244; T162-D0256; T162-D0268; T162-D0280; T162-D0292; T162-D0304; T162-D0316; T162-D0328; T162-D0340; T162-D0352; T162-D0364; T162-D0376; T162-D0388; T162-D0400; T162-D0412; T162-D0424; T162-D0436; T162-D0448; T162-D0460; T162-D0472; T162-D0484; T162-D0496; T162-D0508; T162-D0520; T162-D0532; T162-D0544; T162-D0556; T162-D0568; T162-D0580; T162-D0592; T162-D0604; T162-D0616; T162-D0628; T162-D0640; T162-D0652; T162-D0664; T162-D0676; T162-D0688; T162-D0700; T162-D0712; T162-D0724; T162-D0736; T162-D0748; T162-D0760; T162-D0772; T162-D0784; T162-D0796; T162-D0808; T162-D0820; T162-D0832; T162-D0844; T162-D0856; T162-D0868; T162-D0880; T162-D0892; T162-D0904; T162-D0916; T162-D0928; T162-D0940; T162-D0952; T162-D0964; T162-D0976; T162-D0988; T162-D1000; T162-D1012; T162-D1024; T162-D1036; T162-D1048; T162-D1060; T162-D1072; T162-D1084; T162-D1096; T162-D1108; T162-D1120; T162-D1132; T162-D1144; T162-D1156; T162-D1168; T162-D1180; T162-D1192; T162-D1204; T162-D1216; T162-D1228; T162-D1240; T162-D1252; T162-D1264; T162-D1276; T162-D1288; T162-D1300; T162-D1312; T162-D1324; T162-D1336; T162-D1348; T162-D1360; T162-D1372; T162-D1384; T162-D1396; T162-D1408; T162-D1420,104,Legumes,Bird; Chronic; Small,All Table 162 scenarios in this crop-family/receptor/effect group; rate and method distinctions remain explicit in the decision matrix,QUANTITATIVE_BACKBONE,"one to three seeds can exceed chronic metrics in several high-loading/large-seed cases. At 25% diet, 200 mg/kg gives about 4 days above 7.78 and no exceedance of 10.8; at 300 mg/kg or more, durations are about 14 and 10 days.",INCREASES_CONCERN,DIRECT_QUANTITATIVE,See concise consideration and linked decision-level evidence,MAIN; TABLES,TABLES:Tables 27-29; TABLES:Tables 32-40; Phase 3B Legumes workbook reconciliation; MAIN-H0037; MAIN-H0039; MAIN-P000509; MAIN-P000511; MAIN-P000515; MAIN-P000517; MAIN-P000519; MAIN-P000521; MAIN-P000536; MAIN-P000538; MAIN-P000547; MAIN-P000560; MAIN-P000567; MAIN-P000575; MAIN-P000577; MAIN-P000584; MAIN-P000591; MAIN-P000598; MAIN-P000605,TRACEABLE_WITH_RECONCILED_EXCEPTIONS,Values summarize the most decision-relevant extrema and duration contrasts; full ranges remain in cited tables and Phase 2B/3 registers.,Supplies the quantitative magnitude/duration backbone; it does not itself dictate the Table 162 position.,CAL-004; TRC-001,EVIDENCE
T162-C0043,T162-D0189; T162-D0201; T162-D0213; T162-D0225; T162-D0237; T162-D0249; T162-D0261; T162-D0273; T162-D0285; T162-D0297; T162-D0309; T162-D0321; T162-D0333; T162-D0345; T162-D0357; T162-D0369; T162-D0381; T162-D0393; T162-D0405; T162-D0417; T162-D0429; T162-D0441; T162-D0453; T162-D0465; T162-D0477; T162-D0489; T162-D0501; T162-D0513; T162-D0525; T162-D0537; T162-D0549; T162-D0561; T162-D0573; T162-D0585; T162-D0597; T162-D0609; T162-D0621; T162-D0633; T162-D0645; T162-D0657; T162-D0669; T162-D0681; T162-D0693; T162-D0705; T162-D0717; T162-D0729; T162-D0741; T162-D0753; T162-D0765; T162-D0777; T162-D0789; T162-D0801; T162-D0813; T162-D0825; T162-D0837; T162-D0849; T162-D0861; T162-D0873; T162-D0885; T162-D0897; T162-D0909; T162-D0921; T162-D0933; T162-D0945; T162-D0957; T162-D0969; T162-D0981; T162-D0993; T162-D1005; T162-D1017; T162-D1029; T162-D1041; T162-D1053; T162-D1065; T162-D1077; T162-D1089; T162-D1101; T162-D1113; T162-D1125; T162-D1137; T162-D1149; T162-D1161; T162-D1173; T162-D1185; T162-D1197; T162-D1209; T162-D1221; T162-D1233; T162-D1245; T162-D1257; T162-D1269; T162-D1281; T162-D1293; T162-D1305; T162-D1317; T162-D1329; T162-D1341; T162-D1353; T162-D1365; T162-D1377; T162-D1389; T162-D1401; T162-D1413; T162-D1425,104,Legumes,Mammal; Acute; Large,All Table 162 scenarios in this crop-family/receptor/effect group; rate and method distinctions remain explicit in the decision matrix,QUANTITATIVE_BACKBONE,"Tables 105-113 and the reconciled workbook outputs are populated, but the current mammalian Legumes narrative ends before stating table numbers, quantitative interpretation or risk characterization.",CONTEXT_ONLY,DIRECT_QUANTITATIVE,See concise consideration and linked decision-level evidence,MAIN; TABLES,TABLES:Tables 105-113; Phase 3B Legumes workbook reconciliation; MAIN-H0071; MAIN-H0074; MAIN-P001235; MAIN-P001247; MAIN-P001249; PH-00021,TRACEABLE_WITH_RECONCILED_EXCEPTIONS,Values summarize the most decision-relevant extrema and duration contrasts; full ranges remain in cited tables and Phase 2B/3 registers.,Supplies the quantitative magnitude/duration backbone; it does not itself dictate the Table 162 position.,CAL-004; CLR-003; PH-00021; TRC-001,EVIDENCE
T162-C0044,T162-D0188; T162-D0200; T162-D0212; T162-D0224; T162-D0236; T162-D0248; T162-D0260; T162-D0272; T162-D0284; T162-D0296; T162-D0308; T162-D0320; T162-D0332; T162-D0344; T162-D0356; T162-D0368; T162-D0380; T162-D0392; T162-D0404; T162-D0416; T162-D0428; T162-D0440; T162-D0452; T162-D0464; T162-D0476; T162-D0488; T162-D0500; T162-D0512; T162-D0524; T162-D0536; T162-D0548; T162-D0560; T162-D0572; T162-D0584; T162-D0596; T162-D0608; T162-D0620; T162-D0632; T162-D0644; T162-D0656; T162-D0668; T162-D0680; T162-D0692; T162-D0704; T162-D0716; T162-D0728; T162-D0740; T162-D0752; T162-D0764; T162-D0776; T162-D0788; T162-D0800; T162-D0812; T162-D0824; T162-D0836; T162-D0848; T162-D0860; T162-D0872; T162-D0884; T162-D0896; T162-D0908; T162-D0920; T162-D0932; T162-D0944; T162-D0956; T162-D0968; T162-D0980; T162-D0992; T162-D1004; T162-D1016; T162-D1028; T162-D1040; T162-D1052; T162-D1064; T162-D1076; T162-D1088; T162-D1100; T162-D1112; T162-D1124; T162-D1136; T162-D1148; T162-D1160; T162-D1172; T162-D1184; T162-D1196; T162-D1208; T162-D1220; T162-D1232; T162-D1244; T162-D1256; T162-D1268; T162-D1280; T162-D1292; T162-D1304; T162-D1316; T162-D1328; T162-D1340; T162-D1352; T162-D1364; T162-D1376; T162-D1388; T162-D1400; T162-D1412; T162-D1424,104,Legumes,Mammal; Acute; Medium,All Table 162 scenarios in this crop-family/receptor/effect group; rate and method distinctions remain explicit in the decision matrix,QUANTITATIVE_BACKBONE,"Tables 105-113 and the reconciled workbook outputs are populated, but the current mammalian Legumes narrative ends before stating table numbers, quantitative interpretation or risk characterization.",CONTEXT_ONLY,DIRECT_QUANTITATIVE,See concise consideration and linked decision-level evidence,MAIN; TABLES,TABLES:Tables 105-113; Phase 3B Legumes workbook reconciliation; MAIN-H0071; MAIN-H0074; MAIN-P001235; MAIN-P001247; MAIN-P001249; PH-00021,TRACEABLE_WITH_RECONCILED_EXCEPTIONS,Values summarize the most decision-relevant extrema and duration contrasts; full ranges remain in cited tables and Phase 2B/3 registers.,Supplies the quantitative magnitude/duration backbone; it does not itself dictate the Table 162 position.,CAL-004; CLR-003; PH-00021; TRC-001,EVIDENCE
T162-C0045,T162-D0187; T162-D0199; T162-D0211; T162-D0223; T162-D0235; T162-D0247; T162-D0259; T162-D0271; T162-D0283; T162-D0295; T162-D0307; T162-D0319; T162-D0331; T162-D0343; T162-D0355; T162-D0367; T162-D0379; T162-D0391; T162-D0403; T162-D0415; T162-D0427; T162-D0439; T162-D0451; T162-D0463; T162-D0475; T162-D0487; T162-D0499; T162-D0511; T162-D0523; T162-D0535; T162-D0547; T162-D0559; T162-D0571; T162-D0583; T162-D0595; T162-D0607; T162-D0619; T162-D0631; T162-D0643; T162-D0655; T162-D0667; T162-D0679; T162-D0691; T162-D0703; T162-D0715; T162-D0727; T162-D0739; T162-D0751; T162-D0763; T162-D0775; T162-D0787; T162-D0799; T162-D0811; T162-D0823; T162-D0835; T162-D0847; T162-D0859; T162-D0871; T162-D0883; T162-D0895; T162-D0907; T162-D0919; T162-D0931; T162-D0943; T162-D0955; T162-D0967; T162-D0979; T162-D0991; T162-D1003; T162-D1015; T162-D1027; T162-D1039; T162-D1051; T162-D1063; T162-D1075; T162-D1087; T162-D1099; T162-D1111; T162-D1123; T162-D1135; T162-D1147; T162-D1159; T162-D1171; T162-D1183; T162-D1195; T162-D1207; T162-D1219; T162-D1231; T162-D1243; T162-D1255; T162-D1267; T162-D1279; T162-D1291; T162-D1303; T162-D1315; T162-D1327; T162-D1339; T162-D1351; T162-D1363; T162-D1375; T162-D1387; T162-D1399; T162-D1411; T162-D1423,104,Legumes,Mammal; Acute; Small,All Table 162 scenarios in this crop-family/receptor/effect group; rate and method distinctions remain explicit in the decision matrix,QUANTITATIVE_BACKBONE,"Tables 105-113 and the reconciled workbook outputs are populated, but the current mammalian Legumes narrative ends before stating table numbers, quantitative interpretation or risk characterization.",CONTEXT_ONLY,DIRECT_QUANTITATIVE,See concise consideration and linked decision-level evidence,MAIN; TABLES,TABLES:Tables 105-113; Phase 3B Legumes workbook reconciliation; MAIN-H0071; MAIN-H0074; MAIN-P001235; MAIN-P001247; MAIN-P001249; PH-00021,TRACEABLE_WITH_RECONCILED_EXCEPTIONS,Values summarize the most decision-relevant extrema and duration contrasts; full ranges remain in cited tables and Phase 2B/3 registers.,Supplies the quantitative magnitude/duration backbone; it does not itself dictate the Table 162 position.,CAL-004; CLR-003; PH-00021; TRC-001,EVIDENCE
T162-C0046,T162-D0192; T162-D0204; T162-D0216; T162-D0228; T162-D0240; T162-D0252; T162-D0264; T162-D0276; T162-D0288; T162-D0300; T162-D0312; T162-D0324; T162-D0336; T162-D0348; T162-D0360; T162-D0372; T162-D0384; T162-D0396; T162-D0408; T162-D0420; T162-D0432; T162-D0444; T162-D0456; T162-D0468; T162-D0480; T162-D0492; T162-D0504; T162-D0516; T162-D0528; T162-D0540; T162-D0552; T162-D0564; T162-D0576; T162-D0588; T162-D0600; T162-D0612; T162-D0624; T162-D0636; T162-D0648; T162-D0660; T162-D0672; T162-D0684; T162-D0696; T162-D0708; T162-D0720; T162-D0732; T162-D0744; T162-D0756; T162-D0768; T162-D0780; T162-D0792; T162-D0804; T162-D0816; T162-D0828; T162-D0840; T162-D0852; T162-D0864; T162-D0876; T162-D0888; T162-D0900; T162-D0912; T162-D0924; T162-D0936; T162-D0948; T162-D0960; T162-D0972; T162-D0984; T162-D0996; T162-D1008; T162-D1020; T162-D1032; T162-D1044; T162-D1056; T162-D1068; T162-D1080; T162-D1092; T162-D1104; T162-D1116; T162-D1128; T162-D1140; T162-D1152; T162-D1164; T162-D1176; T162-D1188; T162-D1200; T162-D1212; T162-D1224; T162-D1236; T162-D1248; T162-D1260; T162-D1272; T162-D1284; T162-D1296; T162-D1308; T162-D1320; T162-D1332; T162-D1344; T162-D1356; T162-D1368; T162-D1380; T162-D1392; T162-D1404; T162-D1416; T162-D1428,104,Legumes,Mammal; Chronic; Large,All Table 162 scenarios in this crop-family/receptor/effect group; rate and method distinctions remain explicit in the decision matrix,QUANTITATIVE_BACKBONE,"Tables 105-113 and the reconciled workbook outputs are populated, but the current mammalian Legumes narrative ends before stating table numbers, quantitative interpretation or risk characterization.",CONTEXT_ONLY,DIRECT_QUANTITATIVE,See concise consideration and linked decision-level evidence,MAIN; TABLES,TABLES:Tables 105-113; Phase 3B Legumes workbook reconciliation; MAIN-H0071; MAIN-H0074; MAIN-P001235; MAIN-P001247; MAIN-P001249; PH-00021,TRACEABLE_WITH_RECONCILED_EXCEPTIONS,Values summarize the most decision-relevant extrema and duration contrasts; full ranges remain in cited tables and Phase 2B/3 registers.,Supplies the quantitative magnitude/duration backbone; it does not itself dictate the Table 162 position.,CAL-004; CLR-003; PH-00021; TRC-001,EVIDENCE
T162-C0047,T162-D0191; T162-D0203; T162-D0215; T162-D0227; T162-D0239; T162-D0251; T162-D0263; T162-D0275; T162-D0287; T162-D0299; T162-D0311; T162-D0323; T162-D0335; T162-D0347; T162-D0359; T162-D0371; T162-D0383; T162-D0395; T162-D0407; T162-D0419; T162-D0431; T162-D0443; T162-D0455; T162-D0467; T162-D0479; T162-D0491; T162-D0503; T162-D0515; T162-D0527; T162-D0539; T162-D0551; T162-D0563; T162-D0575; T162-D0587; T162-D0599; T162-D0611; T162-D0623; T162-D0635; T162-D0647; T162-D0659; T162-D0671; T162-D0683; T162-D0695; T162-D0707; T162-D0719; T162-D0731; T162-D0743; T162-D0755; T162-D0767; T162-D0779; T162-D0791; T162-D0803; T162-D0815; T162-D0827; T162-D0839; T162-D0851; T162-D0863; T162-D0875; T162-D0887; T162-D0899; T162-D0911; T162-D0923; T162-D0935; T162-D0947; T162-D0959; T162-D0971; T162-D0983; T162-D0995; T162-D1007; T162-D1019; T162-D1031; T162-D1043; T162-D1055; T162-D1067; T162-D1079; T162-D1091; T162-D1103; T162-D1115; T162-D1127; T162-D1139; T162-D1151; T162-D1163; T162-D1175; T162-D1187; T162-D1199; T162-D1211; T162-D1223; T162-D1235; T162-D1247; T162-D1259; T162-D1271; T162-D1283; T162-D1295; T162-D1307; T162-D1319; T162-D1331; T162-D1343; T162-D1355; T162-D1367; T162-D1379; T162-D1391; T162-D1403; T162-D1415; T162-D1427,104,Legumes,Mammal; Chronic; Medium,All Table 162 scenarios in this crop-family/receptor/effect group; rate and method distinctions remain explicit in the decision matrix,QUANTITATIVE_BACKBONE,"Tables 105-113 and the reconciled workbook outputs are populated, but the current mammalian Legumes narrative ends before stating table numbers, quantitative interpretation or risk characterization.",CONTEXT_ONLY,DIRECT_QUANTITATIVE,See concise consideration and linked decision-level evidence,MAIN; TABLES,TABLES:Tables 105-113; Phase 3B Legumes workbook reconciliation; MAIN-H0071; MAIN-H0074; MAIN-P001235; MAIN-P001247; MAIN-P001249; PH-00021,TRACEABLE_WITH_RECONCILED_EXCEPTIONS,Values summarize the most decision-relevant extrema and duration contrasts; full ranges remain in cited tables and Phase 2B/3 registers.,Supplies the quantitative magnitude/duration backbone; it does not itself dictate the Table 162 position.,CAL-004; CLR-003; PH-00021; TRC-001,EVIDENCE
T162-C0048,T162-D0190; T162-D0202; T162-D0214; T162-D0226; T162-D0238; T162-D0250; T162-D0262; T162-D0274; T162-D0286; T162-D0298; T162-D0310; T162-D0322; T162-D0334; T162-D0346; T162-D0358; T162-D0370; T162-D0382; T162-D0394; T162-D0406; T162-D0418; T162-D0430; T162-D0442; T162-D0454; T162-D0466; T162-D0478; T162-D0490; T162-D0502; T162-D0514; T162-D0526; T162-D0538; T162-D0550; T162-D0562; T162-D0574; T162-D0586; T162-D0598; T162-D0610; T162-D0622; T162-D0634; T162-D0646; T162-D0658; T162-D0670; T162-D0682; T162-D0694; T162-D0706; T162-D0718; T162-D0730; T162-D0742; T162-D0754; T162-D0766; T162-D0778; T162-D0790; T162-D0802; T162-D0814; T162-D0826; T162-D0838; T162-D0850; T162-D0862; T162-D0874; T162-D0886; T162-D0898; T162-D0910; T162-D0922; T162-D0934; T162-D0946; T162-D0958; T162-D0970; T162-D0982; T162-D0994; T162-D1006; T162-D1018; T162-D1030; T162-D1042; T162-D1054; T162-D1066; T162-D1078; T162-D1090; T162-D1102; T162-D1114; T162-D1126; T162-D1138; T162-D1150; T162-D1162; T162-D1174; T162-D1186; T162-D1198; T162-D1210; T162-D1222; T162-D1234; T162-D1246; T162-D1258; T162-D1270; T162-D1282; T162-D1294; T162-D1306; T162-D1318; T162-D1330; T162-D1342; T162-D1354; T162-D1366; T162-D1378; T162-D1390; T162-D1402; T162-D1414; T162-D1426,104,Legumes,Mammal; Chronic; Small,All Table 162 scenarios in this crop-family/receptor/effect group; rate and method distinctions remain explicit in the decision matrix,QUANTITATIVE_BACKBONE,"Tables 105-113 and the reconciled workbook outputs are populated, but the current mammalian Legumes narrative ends before stating table numbers, quantitative interpretation or risk characterization.",CONTEXT_ONLY,DIRECT_QUANTITATIVE,See concise consideration and linked decision-level evidence,MAIN; TABLES,TABLES:Tables 105-113; Phase 3B Legumes workbook reconciliation; MAIN-H0071; MAIN-H0074; MAIN-P001235; MAIN-P001247; MAIN-P001249; PH-00021,TRACEABLE_WITH_RECONCILED_EXCEPTIONS,Values summarize the most decision-relevant extrema and duration contrasts; full ranges remain in cited tables and Phase 2B/3 registers.,Supplies the quantitative magnitude/duration backbone; it does not itself dictate the Table 162 position.,CAL-004; CLR-003; PH-00021; TRC-001,EVIDENCE
T162-C0049,T162-D0003; T162-D0015; T162-D0027; T162-D0039; T162-D0051; T162-D0063; T162-D0075; T162-D0087; T162-D0099,9,Small Cereals,Bird; Acute; Large,All Table 162 scenarios in this crop-family/receptor/effect group; rate and method distinctions remain explicit in the decision matrix,QUANTITATIVE_BACKBONE,the assessment states the acute screening result is acceptable for large birds across the Small Cereals uses.,DECREASES_CONCERN,DIRECT_QUANTITATIVE,See concise consideration and linked decision-level evidence,MAIN; TABLES,TABLES:Tables 21-29; MAIN-H0033; MAIN-H0034; MAIN-H0035; MAIN-H0036; MAIN-P000432; MAIN-P000458; MAIN-P000463; MAIN-P000468; MAIN-P000471; MAIN-P000478; MAIN-P000483; MAIN-P000486; MAIN-P000493; MAIN-P000499,TRACEABLE_WITH_RECONCILED_EXCEPTIONS,Values summarize the most decision-relevant extrema and duration contrasts; full ranges remain in cited tables and Phase 2B/3 registers.,Supplies the quantitative magnitude/duration backbone; it does not itself dictate the Table 162 position.,CAL-001; CAL-002; CON-002; TRC-001,EVIDENCE
T162-C0050,T162-D0002; T162-D0014; T162-D0026; T162-D0038; T162-D0050; T162-D0062; T162-D0074; T162-D0086; T162-D0098,9,Small Cereals,Bird; Acute; Medium,All Table 162 scenarios in this crop-family/receptor/effect group; rate and method distinctions remain explicit in the decision matrix,QUANTITATIVE_BACKBONE,"at 300 mg/kg and 100% treated-seed diet, EDE remains above 43.1 mg/kg bw/d for about 5 days; availability and dietary fraction are the main refinements.",CONTEXT_ONLY,DIRECT_QUANTITATIVE,See concise consideration and linked decision-level evidence,MAIN; TABLES,TABLES:Tables 21-29; MAIN-H0033; MAIN-H0034; MAIN-H0035; MAIN-H0036; MAIN-P000432; MAIN-P000458; MAIN-P000463; MAIN-P000468; MAIN-P000471; MAIN-P000478; MAIN-P000483; MAIN-P000486; MAIN-P000493; MAIN-P000499,TRACEABLE_WITH_RECONCILED_EXCEPTIONS,Values summarize the most decision-relevant extrema and duration contrasts; full ranges remain in cited tables and Phase 2B/3 registers.,Supplies the quantitative magnitude/duration backbone; it does not itself dictate the Table 162 position.,CAL-001; CAL-002; CON-002; TRC-001,EVIDENCE
T162-C0051,T162-D0001; T162-D0013; T162-D0025; T162-D0037; T162-D0049; T162-D0061; T162-D0073; T162-D0085; T162-D0097,9,Small Cereals,Bird; Acute; Small,All Table 162 scenarios in this crop-family/receptor/effect group; rate and method distinctions remain explicit in the decision matrix,QUANTITATIVE_BACKBONE,"the assessment reports that at 300 mg/kg and 100% treated-seed diet, EDE remains above 43.1 mg/kg bw/d for about 8 days and above 67 for about 2 days, but not above 104; lower rates and realistic dietary fractions reduce exposure.",CONTEXT_ONLY,DIRECT_QUANTITATIVE,See concise consideration and linked decision-level evidence,MAIN; TABLES,TABLES:Tables 21-29; MAIN-H0033; MAIN-H0034; MAIN-H0035; MAIN-H0036; MAIN-P000432; MAIN-P000458; MAIN-P000463; MAIN-P000468; MAIN-P000471; MAIN-P000478; MAIN-P000483; MAIN-P000486; MAIN-P000493; MAIN-P000499,TRACEABLE_WITH_RECONCILED_EXCEPTIONS,Values summarize the most decision-relevant extrema and duration contrasts; full ranges remain in cited tables and Phase 2B/3 registers.,Supplies the quantitative magnitude/duration backbone; it does not itself dictate the Table 162 position.,CAL-001; CAL-002; CON-002; TRC-001,EVIDENCE
T162-C0052,T162-D0006; T162-D0018; T162-D0030; T162-D0042; T162-D0054; T162-D0066; T162-D0078; T162-D0090; T162-D0102,9,Small Cereals,Bird; Chronic; Large,All Table 162 scenarios in this crop-family/receptor/effect group; rate and method distinctions remain explicit in the decision matrix,QUANTITATIVE_BACKBONE,"at 300/200 mg/kg and 100% diet, the large-bird 7.78 mg/kg bw/d duration is about 12/6 days; at 50% it is about 2/0 days.",CONTEXT_ONLY,DIRECT_QUANTITATIVE,See concise consideration and linked decision-level evidence,MAIN; TABLES,TABLES:Tables 21-29; MAIN-H0033; MAIN-H0034; MAIN-H0035; MAIN-H0036; MAIN-P000432; MAIN-P000458; MAIN-P000463; MAIN-P000468; MAIN-P000471; MAIN-P000478; MAIN-P000483; MAIN-P000486; MAIN-P000493; MAIN-P000499,TRACEABLE_WITH_RECONCILED_EXCEPTIONS,Values summarize the most decision-relevant extrema and duration contrasts; full ranges remain in cited tables and Phase 2B/3 registers.,Supplies the quantitative magnitude/duration backbone; it does not itself dictate the Table 162 position.,CAL-001; CAL-002; CON-002; TRC-001,EVIDENCE
T162-C0053,T162-D0005; T162-D0017; T162-D0029; T162-D0041; T162-D0053; T162-D0065; T162-D0077; T162-D0089; T162-D0101,9,Small Cereals,Bird; Chronic; Medium,All Table 162 scenarios in this crop-family/receptor/effect group; rate and method distinctions remain explicit in the decision matrix,QUANTITATIVE_BACKBONE,"at 300/200 mg/kg and 100% diet, the 7.78 mg/kg bw/d duration is about 29/24 days; the narrative's '20%' statement conflicts with the 25% table column.",CONTEXT_ONLY,DIRECT_QUANTITATIVE,See concise consideration and linked decision-level evidence,MAIN; TABLES,TABLES:Tables 21-29; MAIN-H0033; MAIN-H0034; MAIN-H0035; MAIN-H0036; MAIN-P000432; MAIN-P000458; MAIN-P000463; MAIN-P000468; MAIN-P000471; MAIN-P000478; MAIN-P000483; MAIN-P000486; MAIN-P000493; MAIN-P000499,TRACEABLE_WITH_RECONCILED_EXCEPTIONS,Values summarize the most decision-relevant extrema and duration contrasts; full ranges remain in cited tables and Phase 2B/3 registers.,Supplies the quantitative magnitude/duration backbone; it does not itself dictate the Table 162 position.,CAL-001; CAL-002; CON-002; CON-003; TRC-001,EVIDENCE
T162-C0054,T162-D0004; T162-D0016; T162-D0028; T162-D0040; T162-D0052; T162-D0064; T162-D0076; T162-D0088; T162-D0100,9,Small Cereals,Bird; Chronic; Small,All Table 162 scenarios in this crop-family/receptor/effect group; rate and method distinctions remain explicit in the decision matrix,QUANTITATIVE_BACKBONE,"at 300/200 mg/kg and 100% diet, 7.78 mg/kg bw/d is exceeded for about 33/27 days and 10.8 for 28/22 days; at 25% diet the 7.78 durations are about 13/7 days. At 100 mg/kg, duration is about 17 days at 100%, 7 at 50%, and zero at 25%.",INCREASES_CONCERN,DIRECT_QUANTITATIVE,See concise consideration and linked decision-level evidence,MAIN; TABLES,TABLES:Tables 21-29; MAIN-H0033; MAIN-H0034; MAIN-H0035; MAIN-H0036; MAIN-P000432; MAIN-P000458; MAIN-P000463; MAIN-P000468; MAIN-P000471; MAIN-P000478; MAIN-P000483; MAIN-P000486; MAIN-P000493; MAIN-P000499,TRACEABLE_WITH_RECONCILED_EXCEPTIONS,Values summarize the most decision-relevant extrema and duration contrasts; full ranges remain in cited tables and Phase 2B/3 registers.,Supplies the quantitative magnitude/duration backbone; it does not itself dictate the Table 162 position.,CAL-001; CAL-002; CON-002; TRC-001,EVIDENCE
T162-C0055,T162-D0009; T162-D0021; T162-D0033; T162-D0045; T162-D0057; T162-D0069; T162-D0081; T162-D0093; T162-D0105,9,Small Cereals,Mammal; Acute; Large,All Table 162 scenarios in this crop-family/receptor/effect group; rate and method distinctions remain explicit in the decision matrix,QUANTITATIVE_BACKBONE,the assessment reports acceptable acute screening for all three mammal sizes; burial and mixed diet further reduce the all-seed-available exposure estimate.,DECREASES_CONCERN,DIRECT_QUANTITATIVE,See concise consideration and linked decision-level evidence,MAIN; TABLES,TABLES:Tables 96-104; MAIN-H0068; MAIN-H0070; MAIN-P001193; MAIN-P001217; MAIN-P001219; MAIN-P001221; MAIN-P001225,TRACEABLE_WITH_RECONCILED_EXCEPTIONS,Values summarize the most decision-relevant extrema and duration contrasts; full ranges remain in cited tables and Phase 2B/3 registers.,Supplies the quantitative magnitude/duration backbone; it does not itself dictate the Table 162 position.,TRC-001,EVIDENCE
T162-C0056,T162-D0008; T162-D0020; T162-D0032; T162-D0044; T162-D0056; T162-D0068; T162-D0080; T162-D0092; T162-D0104,9,Small Cereals,Mammal; Acute; Medium,All Table 162 scenarios in this crop-family/receptor/effect group; rate and method distinctions remain explicit in the decision matrix,QUANTITATIVE_BACKBONE,the assessment reports acceptable acute screening for all three mammal sizes; burial and mixed diet further reduce the all-seed-available exposure estimate.,DECREASES_CONCERN,DIRECT_QUANTITATIVE,See concise consideration and linked decision-level evidence,MAIN; TABLES,TABLES:Tables 96-104; MAIN-H0068; MAIN-H0070; MAIN-P001193; MAIN-P001217; MAIN-P001219; MAIN-P001221; MAIN-P001225,TRACEABLE_WITH_RECONCILED_EXCEPTIONS,Values summarize the most decision-relevant extrema and duration contrasts; full ranges remain in cited tables and Phase 2B/3 registers.,Supplies the quantitative magnitude/duration backbone; it does not itself dictate the Table 162 position.,TRC-001,EVIDENCE
T162-C0057,T162-D0007; T162-D0019; T162-D0031; T162-D0043; T162-D0055; T162-D0067; T162-D0079; T162-D0091; T162-D0103,9,Small Cereals,Mammal; Acute; Small,All Table 162 scenarios in this crop-family/receptor/effect group; rate and method distinctions remain explicit in the decision matrix,QUANTITATIVE_BACKBONE,the assessment reports acceptable acute screening for all three mammal sizes; burial and mixed diet further reduce the all-seed-available exposure estimate.,DECREASES_CONCERN,DIRECT_QUANTITATIVE,See concise consideration and linked decision-level evidence,MAIN; TABLES,TABLES:Tables 96-104; MAIN-H0068; MAIN-H0070; MAIN-P001193; MAIN-P001217; MAIN-P001219; MAIN-P001221; MAIN-P001225,TRACEABLE_WITH_RECONCILED_EXCEPTIONS,Values summarize the most decision-relevant extrema and duration contrasts; full ranges remain in cited tables and Phase 2B/3 registers.,Supplies the quantitative magnitude/duration backbone; it does not itself dictate the Table 162 position.,TRC-001,EVIDENCE
T162-C0058,T162-D0012; T162-D0024; T162-D0036; T162-D0048; T162-D0060; T162-D0072; T162-D0084; T162-D0096; T162-D0108,9,Small Cereals,Mammal; Chronic; Large,All Table 162 scenarios in this crop-family/receptor/effect group; rate and method distinctions remain explicit in the decision matrix,QUANTITATIVE_BACKBONE,"100% treated-seed diet can exceed the 2.4 mg/kg bw/d refined chronic reference for all sizes/rates, but even 300 mg/kg remains below the 50 mg/kg bw/d no-apical-effect level used in characterization.",INCREASES_CONCERN,DIRECT_QUANTITATIVE,See concise consideration and linked decision-level evidence,MAIN; TABLES,TABLES:Tables 96-104; MAIN-H0068; MAIN-H0070; MAIN-P001193; MAIN-P001217; MAIN-P001219; MAIN-P001221; MAIN-P001225,TRACEABLE_WITH_RECONCILED_EXCEPTIONS,Values summarize the most decision-relevant extrema and duration contrasts; full ranges remain in cited tables and Phase 2B/3 registers.,Supplies the quantitative magnitude/duration backbone; it does not itself dictate the Table 162 position.,TRC-001,EVIDENCE
T162-C0059,T162-D0011; T162-D0023; T162-D0035; T162-D0047; T162-D0059; T162-D0071; T162-D0083; T162-D0095; T162-D0107,9,Small Cereals,Mammal; Chronic; Medium,All Table 162 scenarios in this crop-family/receptor/effect group; rate and method distinctions remain explicit in the decision matrix,QUANTITATIVE_BACKBONE,"100% treated-seed diet can exceed the 2.4 mg/kg bw/d refined chronic reference for all sizes/rates, but even 300 mg/kg remains below the 50 mg/kg bw/d no-apical-effect level used in characterization.",INCREASES_CONCERN,DIRECT_QUANTITATIVE,See concise consideration and linked decision-level evidence,MAIN; TABLES,TABLES:Tables 96-104; MAIN-H0068; MAIN-H0070; MAIN-P001193; MAIN-P001217; MAIN-P001219; MAIN-P001221; MAIN-P001225,TRACEABLE_WITH_RECONCILED_EXCEPTIONS,Values summarize the most decision-relevant extrema and duration contrasts; full ranges remain in cited tables and Phase 2B/3 registers.,Supplies the quantitative magnitude/duration backbone; it does not itself dictate the Table 162 position.,TRC-001,EVIDENCE
T162-C0060,T162-D0010; T162-D0022; T162-D0034; T162-D0046; T162-D0058; T162-D0070; T162-D0082; T162-D0094; T162-D0106,9,Small Cereals,Mammal; Chronic; Small,All Table 162 scenarios in this crop-family/receptor/effect group; rate and method distinctions remain explicit in the decision matrix,QUANTITATIVE_BACKBONE,"100% treated-seed diet can exceed the 2.4 mg/kg bw/d refined chronic reference for all sizes/rates, but even 300 mg/kg remains below the 50 mg/kg bw/d no-apical-effect level used in characterization.",INCREASES_CONCERN,DIRECT_QUANTITATIVE,See concise consideration and linked decision-level evidence,MAIN; TABLES,TABLES:Tables 96-104; MAIN-H0068; MAIN-H0070; MAIN-P001193; MAIN-P001217; MAIN-P001219; MAIN-P001221; MAIN-P001225,TRACEABLE_WITH_RECONCILED_EXCEPTIONS,Values summarize the most decision-relevant extrema and duration contrasts; full ranges remain in cited tables and Phase 2B/3 registers.,Supplies the quantitative magnitude/duration backbone; it does not itself dictate the Table 162 position.,TRC-001,EVIDENCE
T162-C0061,T162-D1719; T162-D1731,2,Sugar Beet,Bird; Acute; Large,All Table 162 scenarios in this crop-family/receptor/effect group; rate and method distinctions remain explicit in the decision matrix,QUANTITATIVE_BACKBONE,"the quantitative tables cover this body size, but the risk-characterization draft explicitly says '[Add med and large birds]'.",UNCERTAIN,DIRECT_QUANTITATIVE,See concise consideration and linked decision-level evidence,MAIN; TABLES,TABLES:Tables 84-90; MAIN-H0052; MAIN-H0054; MAIN-P000933; MAIN-P000943; MAIN-P000945; MAIN-P000951; MAIN-P000953; MAIN-P000957; MAIN-P000959; MAIN-P000965; MAIN-P000967; MAIN-P000971; MAIN-P000973; MAIN-P000982; MAIN-P000984; MAIN-P000989; MAIN-P000991; PH-00003,TRACEABLE_WITH_QUALIFICATION,Values summarize the most decision-relevant extrema and duration contrasts; full ranges remain in cited tables and Phase 2B/3 registers.,Supplies the quantitative magnitude/duration backbone; it does not itself dictate the Table 162 position.,PH-00003; TRC-001,EVIDENCE
T162-C0062,T162-D1718; T162-D1730,2,Sugar Beet,Bird; Acute; Medium,All Table 162 scenarios in this crop-family/receptor/effect group; rate and method distinctions remain explicit in the decision matrix,QUANTITATIVE_BACKBONE,"the quantitative tables cover this body size, but the risk-characterization draft explicitly says '[Add med and large birds]'.",UNCERTAIN,DIRECT_QUANTITATIVE,See concise consideration and linked decision-level evidence,MAIN; TABLES,TABLES:Tables 84-90; MAIN-H0052; MAIN-H0054; MAIN-P000933; MAIN-P000943; MAIN-P000945; MAIN-P000951; MAIN-P000953; MAIN-P000957; MAIN-P000959; MAIN-P000965; MAIN-P000967; MAIN-P000971; MAIN-P000973; MAIN-P000982; MAIN-P000984; MAIN-P000989; MAIN-P000991; PH-00003,TRACEABLE_WITH_QUALIFICATION,Values summarize the most decision-relevant extrema and duration contrasts; full ranges remain in cited tables and Phase 2B/3 registers.,Supplies the quantitative magnitude/duration backbone; it does not itself dictate the Table 162 position.,PH-00003; TRC-001,EVIDENCE
T162-C0063,T162-D1717; T162-D1729,2,Sugar Beet,Bird; Acute; Small,All Table 162 scenarios in this crop-family/receptor/effect group; rate and method distinctions remain explicit in the decision matrix,QUANTITATIVE_BACKBONE,about 1.4 seeds at 0.6 mg/seed or 2.9 seeds at 0.3 mg/seed reach the relevant acute quantity; the MSA dose overlaps clinical-sign ranges but is characterized below mortality ranges.,INCREASES_CONCERN,DIRECT_QUANTITATIVE,See concise consideration and linked decision-level evidence,MAIN; TABLES,TABLES:Tables 84-90; MAIN-H0052; MAIN-H0054; MAIN-P000933; MAIN-P000943; MAIN-P000945; MAIN-P000951; MAIN-P000953; MAIN-P000957; MAIN-P000959; MAIN-P000965; MAIN-P000967; MAIN-P000971; MAIN-P000973; MAIN-P000982; MAIN-P000984; MAIN-P000989; MAIN-P000991; PH-00003,TRACEABLE_WITH_QUALIFICATION,Values summarize the most decision-relevant extrema and duration contrasts; full ranges remain in cited tables and Phase 2B/3 registers.,Supplies the quantitative magnitude/duration backbone; it does not itself dictate the Table 162 position.,TRC-001,EVIDENCE
T162-C0064,T162-D1722; T162-D1734,2,Sugar Beet,Bird; Chronic; Large,All Table 162 scenarios in this crop-family/receptor/effect group; rate and method distinctions remain explicit in the decision matrix,QUANTITATIVE_BACKBONE,"the quantitative tables cover this body size, but the risk-characterization draft explicitly says '[Add med and large birds]'.",UNCERTAIN,DIRECT_QUANTITATIVE,See concise consideration and linked decision-level evidence,MAIN; TABLES,TABLES:Tables 84-90; MAIN-H0052; MAIN-H0054; MAIN-P000933; MAIN-P000943; MAIN-P000945; MAIN-P000951; MAIN-P000953; MAIN-P000957; MAIN-P000959; MAIN-P000965; MAIN-P000967; MAIN-P000971; MAIN-P000973; MAIN-P000982; MAIN-P000984; MAIN-P000989; MAIN-P000991; PH-00003,TRACEABLE_WITH_QUALIFICATION,Values summarize the most decision-relevant extrema and duration contrasts; full ranges remain in cited tables and Phase 2B/3 registers.,Supplies the quantitative magnitude/duration backbone; it does not itself dictate the Table 162 position.,PH-00003; TRC-001,EVIDENCE
T162-C0065,T162-D1721; T162-D1733,2,Sugar Beet,Bird; Chronic; Medium,All Table 162 scenarios in this crop-family/receptor/effect group; rate and method distinctions remain explicit in the decision matrix,QUANTITATIVE_BACKBONE,"the quantitative tables cover this body size, but the risk-characterization draft explicitly says '[Add med and large birds]'.",UNCERTAIN,DIRECT_QUANTITATIVE,See concise consideration and linked decision-level evidence,MAIN; TABLES,TABLES:Tables 84-90; MAIN-H0052; MAIN-H0054; MAIN-P000933; MAIN-P000943; MAIN-P000945; MAIN-P000951; MAIN-P000953; MAIN-P000957; MAIN-P000959; MAIN-P000965; MAIN-P000967; MAIN-P000971; MAIN-P000973; MAIN-P000982; MAIN-P000984; MAIN-P000989; MAIN-P000991; PH-00003,TRACEABLE_WITH_QUALIFICATION,Values summarize the most decision-relevant extrema and duration contrasts; full ranges remain in cited tables and Phase 2B/3 registers.,Supplies the quantitative magnitude/duration backbone; it does not itself dictate the Table 162 position.,PH-00003; TRC-001,EVIDENCE
T162-C0066,T162-D1720; T162-D1732,2,Sugar Beet,Bird; Chronic; Small,All Table 162 scenarios in this crop-family/receptor/effect group; rate and method distinctions remain explicit in the decision matrix,QUANTITATIVE_BACKBONE,"less than one pelleted seed can exceed chronic metrics, and the MSA dose overlaps growth/reproduction effect levels; residue dissipation was not applied.",INCREASES_CONCERN,DIRECT_QUANTITATIVE,See concise consideration and linked decision-level evidence,MAIN; TABLES,TABLES:Tables 84-90; MAIN-H0052; MAIN-H0054; MAIN-P000933; MAIN-P000943; MAIN-P000945; MAIN-P000951; MAIN-P000953; MAIN-P000957; MAIN-P000959; MAIN-P000965; MAIN-P000967; MAIN-P000971; MAIN-P000973; MAIN-P000982; MAIN-P000984; MAIN-P000989; MAIN-P000991; PH-00003,TRACEABLE_WITH_QUALIFICATION,Values summarize the most decision-relevant extrema and duration contrasts; full ranges remain in cited tables and Phase 2B/3 registers.,Supplies the quantitative magnitude/duration backbone; it does not itself dictate the Table 162 position.,TRC-001,EVIDENCE
T162-C0067,T162-D1725; T162-D1737,2,Sugar Beet,Mammal; Acute; Large,All Table 162 scenarios in this crop-family/receptor/effect group; rate and method distinctions remain explicit in the decision matrix,QUANTITATIVE_BACKBONE,"quantitative analyses are present, but the risk-characterization draft explicitly says '[Add med and large mammals]'.",UNCERTAIN,DIRECT_QUANTITATIVE,See concise consideration and linked decision-level evidence,MAIN; TABLES,TABLES:Tables 155-161; MAIN-H0086; MAIN-H0088; MAIN-P001567; MAIN-P001570; MAIN-P001581; MAIN-P001587; MAIN-P001592; MAIN-P001598; MAIN-P001603; MAIN-P001610; MAIN-P001615; MAIN-P001624; MAIN-P001626; MAIN-P001627; MAIN-P001629; MAIN-P001632; PH-00005,TRACEABLE_WITH_QUALIFICATION,Values summarize the most decision-relevant extrema and duration contrasts; full ranges remain in cited tables and Phase 2B/3 registers.,Supplies the quantitative magnitude/duration backbone; it does not itself dictate the Table 162 position.,PH-00005; TRC-001,EVIDENCE
T162-C0068,T162-D1724; T162-D1736,2,Sugar Beet,Mammal; Acute; Medium,All Table 162 scenarios in this crop-family/receptor/effect group; rate and method distinctions remain explicit in the decision matrix,QUANTITATIVE_BACKBONE,"quantitative analyses are present, but the risk-characterization draft explicitly says '[Add med and large mammals]'.",UNCERTAIN,DIRECT_QUANTITATIVE,See concise consideration and linked decision-level evidence,MAIN; TABLES,TABLES:Tables 155-161; MAIN-H0086; MAIN-H0088; MAIN-P001567; MAIN-P001570; MAIN-P001581; MAIN-P001587; MAIN-P001592; MAIN-P001598; MAIN-P001603; MAIN-P001610; MAIN-P001615; MAIN-P001624; MAIN-P001626; MAIN-P001627; MAIN-P001629; MAIN-P001632; PH-00005,TRACEABLE_WITH_QUALIFICATION,Values summarize the most decision-relevant extrema and duration contrasts; full ranges remain in cited tables and Phase 2B/3 registers.,Supplies the quantitative magnitude/duration backbone; it does not itself dictate the Table 162 position.,PH-00005; TRC-001,EVIDENCE
T162-C0069,T162-D1723; T162-D1735,2,Sugar Beet,Mammal; Acute; Small,All Table 162 scenarios in this crop-family/receptor/effect group; rate and method distinctions remain explicit in the decision matrix,QUANTITATIVE_BACKBONE,"at 0.6 mg/seed fewer than two seeds, and at 0.3 mg/seed four seeds, exceed the acute metric; at 100% diet estimated exposure substantially exceeds rodent mortality levels.",INCREASES_CONCERN,DIRECT_QUANTITATIVE,See concise consideration and linked decision-level evidence,MAIN; TABLES,TABLES:Tables 155-161; MAIN-H0086; MAIN-H0088; MAIN-P001567; MAIN-P001570; MAIN-P001581; MAIN-P001587; MAIN-P001592; MAIN-P001598; MAIN-P001603; MAIN-P001610; MAIN-P001615; MAIN-P001624; MAIN-P001626; MAIN-P001627; MAIN-P001629; MAIN-P001632; PH-00005,TRACEABLE_WITH_QUALIFICATION,Values summarize the most decision-relevant extrema and duration contrasts; full ranges remain in cited tables and Phase 2B/3 registers.,Supplies the quantitative magnitude/duration backbone; it does not itself dictate the Table 162 position.,TRC-001,EVIDENCE
T162-C0070,T162-D1728; T162-D1740,2,Sugar Beet,Mammal; Chronic; Large,All Table 162 scenarios in this crop-family/receptor/effect group; rate and method distinctions remain explicit in the decision matrix,QUANTITATIVE_BACKBONE,"quantitative analyses are present, but the risk-characterization draft explicitly says '[Add med and large mammals]'.",UNCERTAIN,DIRECT_QUANTITATIVE,See concise consideration and linked decision-level evidence,MAIN; TABLES,TABLES:Tables 155-161; MAIN-H0086; MAIN-H0088; MAIN-P001567; MAIN-P001570; MAIN-P001581; MAIN-P001587; MAIN-P001592; MAIN-P001598; MAIN-P001603; MAIN-P001610; MAIN-P001615; MAIN-P001624; MAIN-P001626; MAIN-P001627; MAIN-P001629; MAIN-P001632; PH-00005,TRACEABLE_WITH_QUALIFICATION,Values summarize the most decision-relevant extrema and duration contrasts; full ranges remain in cited tables and Phase 2B/3 registers.,Supplies the quantitative magnitude/duration backbone; it does not itself dictate the Table 162 position.,PH-00005; TRC-001,EVIDENCE
T162-C0071,T162-D1727; T162-D1739,2,Sugar Beet,Mammal; Chronic; Medium,All Table 162 scenarios in this crop-family/receptor/effect group; rate and method distinctions remain explicit in the decision matrix,QUANTITATIVE_BACKBONE,"quantitative analyses are present, but the risk-characterization draft explicitly says '[Add med and large mammals]'.",UNCERTAIN,DIRECT_QUANTITATIVE,See concise consideration and linked decision-level evidence,MAIN; TABLES,TABLES:Tables 155-161; MAIN-H0086; MAIN-H0088; MAIN-P001567; MAIN-P001570; MAIN-P001581; MAIN-P001587; MAIN-P001592; MAIN-P001598; MAIN-P001603; MAIN-P001610; MAIN-P001615; MAIN-P001624; MAIN-P001626; MAIN-P001627; MAIN-P001629; MAIN-P001632; PH-00005,TRACEABLE_WITH_QUALIFICATION,Values summarize the most decision-relevant extrema and duration contrasts; full ranges remain in cited tables and Phase 2B/3 registers.,Supplies the quantitative magnitude/duration backbone; it does not itself dictate the Table 162 position.,PH-00005; TRC-001,EVIDENCE
T162-C0072,T162-D1726; T162-D1738,2,Sugar Beet,Mammal; Chronic; Small,All Table 162 scenarios in this crop-family/receptor/effect group; rate and method distinctions remain explicit in the decision matrix,QUANTITATIVE_BACKBONE,"much less than one seed exceeds the chronic metric at either rate, and 100% diet is estimated to substantially exceed tested effect levels.",INCREASES_CONCERN,DIRECT_QUANTITATIVE,See concise consideration and linked decision-level evidence,MAIN; TABLES,TABLES:Tables 155-161; MAIN-H0086; MAIN-H0088; MAIN-P001567; MAIN-P001570; MAIN-P001581; MAIN-P001587; MAIN-P001592; MAIN-P001598; MAIN-P001603; MAIN-P001610; MAIN-P001615; MAIN-P001624; MAIN-P001626; MAIN-P001627; MAIN-P001629; MAIN-P001632; PH-00005,TRACEABLE_WITH_QUALIFICATION,Values summarize the most decision-relevant extrema and duration contrasts; full ranges remain in cited tables and Phase 2B/3 registers.,Supplies the quantitative magnitude/duration backbone; it does not itself dictate the Table 162 position.,TRC-001,EVIDENCE
T162-C0073,T162-D1671; T162-D1683; T162-D1695; T162-D1707,4,Sunflower,Bird; Acute; Large,All Table 162 scenarios in this crop-family/receptor/effect group; rate and method distinctions remain explicit in the decision matrix,QUANTITATIVE_BACKBONE,available surface seed is generally insufficient for acute effects.,DECREASES_CONCERN,DIRECT_QUANTITATIVE,See concise consideration and linked decision-level evidence,MAIN; TABLES,TABLES:Tables 75-83; MAIN-H0049; MAIN-H0051; MAIN-P000913; MAIN-P000915; MAIN-P000917; MAIN-P000921; MAIN-P000925; MAIN-P000929,TRACEABLE_WITH_QUALIFICATION,Values summarize the most decision-relevant extrema and duration contrasts; full ranges remain in cited tables and Phase 2B/3 registers.,Supplies the quantitative magnitude/duration backbone; it does not itself dictate the Table 162 position.,TRC-001,EVIDENCE
T162-C0074,T162-D1670; T162-D1682; T162-D1694; T162-D1706,4,Sunflower,Bird; Acute; Medium,All Table 162 scenarios in this crop-family/receptor/effect group; rate and method distinctions remain explicit in the decision matrix,QUANTITATIVE_BACKBONE,both precision and standard scenarios are below acute effect quantities in the characterization.,DECREASES_CONCERN,DIRECT_QUANTITATIVE,See concise consideration and linked decision-level evidence,MAIN; TABLES,TABLES:Tables 75-83; MAIN-H0049; MAIN-H0051; MAIN-P000913; MAIN-P000915; MAIN-P000917; MAIN-P000921; MAIN-P000925; MAIN-P000929,TRACEABLE_WITH_QUALIFICATION,Values summarize the most decision-relevant extrema and duration contrasts; full ranges remain in cited tables and Phase 2B/3 registers.,Supplies the quantitative magnitude/duration backbone; it does not itself dictate the Table 162 position.,TRC-001,EVIDENCE
T162-C0075,T162-D1669; T162-D1681; T162-D1693; T162-D1705,4,Sunflower,Bird; Acute; Small,All Table 162 scenarios in this crop-family/receptor/effect group; rate and method distinctions remain explicit in the decision matrix,QUANTITATIVE_BACKBONE,standard drilling yields sufficient surface seed for plausible acute mortality; precision availability is lower.,INCREASES_CONCERN,DIRECT_QUANTITATIVE,See concise consideration and linked decision-level evidence,MAIN; TABLES,TABLES:Tables 75-83; MAIN-H0049; MAIN-H0051; MAIN-P000913; MAIN-P000915; MAIN-P000917; MAIN-P000921; MAIN-P000925; MAIN-P000929,TRACEABLE_WITH_QUALIFICATION,Values summarize the most decision-relevant extrema and duration contrasts; full ranges remain in cited tables and Phase 2B/3 registers.,Supplies the quantitative magnitude/duration backbone; it does not itself dictate the Table 162 position.,TRC-001,EVIDENCE
T162-C0076,T162-D1674; T162-D1686; T162-D1698; T162-D1710,4,Sunflower,Bird; Chronic; Large,All Table 162 scenarios in this crop-family/receptor/effect group; rate and method distinctions remain explicit in the decision matrix,QUANTITATIVE_BACKBONE,most scenarios are below chronic concern; the standard oilseed upper case is under about 4 days.,INCREASES_CONCERN,DIRECT_QUANTITATIVE,See concise consideration and linked decision-level evidence,MAIN; TABLES,TABLES:Tables 75-83; MAIN-H0049; MAIN-H0051; MAIN-P000913; MAIN-P000915; MAIN-P000917; MAIN-P000921; MAIN-P000925; MAIN-P000929,TRACEABLE_WITH_QUALIFICATION,Values summarize the most decision-relevant extrema and duration contrasts; full ranges remain in cited tables and Phase 2B/3 registers.,Supplies the quantitative magnitude/duration backbone; it does not itself dictate the Table 162 position.,TRC-001,EVIDENCE
T162-C0077,T162-D1673; T162-D1685; T162-D1697; T162-D1709,4,Sunflower,Bird; Chronic; Medium,All Table 162 scenarios in this crop-family/receptor/effect group; rate and method distinctions remain explicit in the decision matrix,QUANTITATIVE_BACKBONE,standard drilling can sustain chronic exceedance for about 1-4 weeks; precision planting does not screen as a concern.,INCREASES_CONCERN,DIRECT_QUANTITATIVE,See concise consideration and linked decision-level evidence,MAIN; TABLES,TABLES:Tables 75-83; MAIN-H0049; MAIN-H0051; MAIN-P000913; MAIN-P000915; MAIN-P000917; MAIN-P000921; MAIN-P000925; MAIN-P000929,TRACEABLE_WITH_QUALIFICATION,Values summarize the most decision-relevant extrema and duration contrasts; full ranges remain in cited tables and Phase 2B/3 registers.,Supplies the quantitative magnitude/duration backbone; it does not itself dictate the Table 162 position.,TRC-001,EVIDENCE
T162-C0078,T162-D1672; T162-D1684; T162-D1696; T162-D1708,4,Sunflower,Bird; Chronic; Small,All Table 162 scenarios in this crop-family/receptor/effect group; rate and method distinctions remain explicit in the decision matrix,QUANTITATIVE_BACKBONE,chronic exceedance can persist from more than one week to about a month under both methods.,INCREASES_CONCERN,DIRECT_QUANTITATIVE,See concise consideration and linked decision-level evidence,MAIN; TABLES,TABLES:Tables 75-83; MAIN-H0049; MAIN-H0051; MAIN-P000913; MAIN-P000915; MAIN-P000917; MAIN-P000921; MAIN-P000925; MAIN-P000929,TRACEABLE_WITH_QUALIFICATION,Values summarize the most decision-relevant extrema and duration contrasts; full ranges remain in cited tables and Phase 2B/3 registers.,Supplies the quantitative magnitude/duration backbone; it does not itself dictate the Table 162 position.,TRC-001,EVIDENCE
T162-C0079,T162-D1677; T162-D1689; T162-D1701; T162-D1713,4,Sunflower,Mammal; Acute; Large,All Table 162 scenarios in this crop-family/receptor/effect group; rate and method distinctions remain explicit in the decision matrix,QUANTITATIVE_BACKBONE,precision maximum acute EDE is about 5.02 mg/kg bw/d.,CONTEXT_ONLY,DIRECT_QUANTITATIVE,See concise consideration and linked decision-level evidence,MAIN; TABLES,TABLES:Tables 146-154; MAIN-H0083; MAIN-H0085; MAIN-P001513; MAIN-P001517; MAIN-P001523; MAIN-P001525; MAIN-P001531; MAIN-P001535; MAIN-P001536; MAIN-P001544; MAIN-P001548; MAIN-P001549; MAIN-P001557; MAIN-P001561; MAIN-P001563; PH-00023,TRACEABLE_WITH_QUALIFICATION,Values summarize the most decision-relevant extrema and duration contrasts; full ranges remain in cited tables and Phase 2B/3 registers.,Supplies the quantitative magnitude/duration backbone; it does not itself dictate the Table 162 position.,PH-00023; TRC-001,EVIDENCE
T162-C0080,T162-D1676; T162-D1688; T162-D1700; T162-D1712,4,Sunflower,Mammal; Acute; Medium,All Table 162 scenarios in this crop-family/receptor/effect group; rate and method distinctions remain explicit in the decision matrix,QUANTITATIVE_BACKBONE,"maximum acute EDE is about 144 mg/kg bw/d, below 314.",DECREASES_CONCERN,DIRECT_QUANTITATIVE,See concise consideration and linked decision-level evidence,MAIN; TABLES,TABLES:Tables 146-154; MAIN-H0083; MAIN-H0085; MAIN-P001513; MAIN-P001517; MAIN-P001523; MAIN-P001525; MAIN-P001531; MAIN-P001535; MAIN-P001536; MAIN-P001544; MAIN-P001548; MAIN-P001549; MAIN-P001557; MAIN-P001561; MAIN-P001563; PH-00023,TRACEABLE_WITH_QUALIFICATION,Values summarize the most decision-relevant extrema and duration contrasts; full ranges remain in cited tables and Phase 2B/3 registers.,Supplies the quantitative magnitude/duration backbone; it does not itself dictate the Table 162 position.,PH-00023; TRC-001,EVIDENCE
T162-C0081,T162-D1675; T162-D1687; T162-D1699; T162-D1711,4,Sunflower,Mammal; Acute; Small,All Table 162 scenarios in this crop-family/receptor/effect group; rate and method distinctions remain explicit in the decision matrix,QUANTITATIVE_BACKBONE,"precision maximum EDE is about 50.8 mg/kg bw/d; standard drilling reaches about 335, slightly above 314.",CONTEXT_ONLY,DIRECT_QUANTITATIVE,See concise consideration and linked decision-level evidence,MAIN; TABLES,TABLES:Tables 146-154; MAIN-H0083; MAIN-H0085; MAIN-P001513; MAIN-P001517; MAIN-P001523; MAIN-P001525; MAIN-P001531; MAIN-P001535; MAIN-P001536; MAIN-P001544; MAIN-P001548; MAIN-P001549; MAIN-P001557; MAIN-P001561; MAIN-P001563; PH-00023,TRACEABLE_WITH_QUALIFICATION,Values summarize the most decision-relevant extrema and duration contrasts; full ranges remain in cited tables and Phase 2B/3 registers.,Supplies the quantitative magnitude/duration backbone; it does not itself dictate the Table 162 position.,PH-00023; TRC-001,EVIDENCE
T162-C0082,T162-D1680; T162-D1692; T162-D1704; T162-D1716,4,Sunflower,Mammal; Chronic; Large,All Table 162 scenarios in this crop-family/receptor/effect group; rate and method distinctions remain explicit in the decision matrix,QUANTITATIVE_BACKBONE,"only standard-drilled oilseed marginally exceeds 2.4 (about 2.51), far below 50 mg/kg bw/d.",INCREASES_CONCERN,DIRECT_QUANTITATIVE,See concise consideration and linked decision-level evidence,MAIN; TABLES,TABLES:Tables 146-154; MAIN-H0083; MAIN-H0085; MAIN-P001513; MAIN-P001517; MAIN-P001523; MAIN-P001525; MAIN-P001531; MAIN-P001535; MAIN-P001536; MAIN-P001544; MAIN-P001548; MAIN-P001549; MAIN-P001557; MAIN-P001561; MAIN-P001563; PH-00023,TRACEABLE_WITH_QUALIFICATION,Values summarize the most decision-relevant extrema and duration contrasts; full ranges remain in cited tables and Phase 2B/3 registers.,Supplies the quantitative magnitude/duration backbone; it does not itself dictate the Table 162 position.,PH-00023; TRC-001,EVIDENCE
T162-C0083,T162-D1679; T162-D1691; T162-D1703; T162-D1715,4,Sunflower,Mammal; Chronic; Medium,All Table 162 scenarios in this crop-family/receptor/effect group; rate and method distinctions remain explicit in the decision matrix,QUANTITATIVE_BACKBONE,"screening exceedance occurs, but maximum availability is about 46.9 for confection and 71.8 for oilseed, below the 50/79 context levels except marginal oilseed context.",INCREASES_CONCERN,DIRECT_QUANTITATIVE,See concise consideration and linked decision-level evidence,MAIN; TABLES,TABLES:Tables 146-154; MAIN-H0083; MAIN-H0085; MAIN-P001513; MAIN-P001517; MAIN-P001523; MAIN-P001525; MAIN-P001531; MAIN-P001535; MAIN-P001536; MAIN-P001544; MAIN-P001548; MAIN-P001549; MAIN-P001557; MAIN-P001561; MAIN-P001563; PH-00023,TRACEABLE_WITH_QUALIFICATION,Values summarize the most decision-relevant extrema and duration contrasts; full ranges remain in cited tables and Phase 2B/3 registers.,Supplies the quantitative magnitude/duration backbone; it does not itself dictate the Table 162 position.,PH-00023; TRC-001,EVIDENCE
T162-C0084,T162-D1678; T162-D1690; T162-D1702; T162-D1714,4,Sunflower,Mammal; Chronic; Small,All Table 162 scenarios in this crop-family/receptor/effect group; rate and method distinctions remain explicit in the decision matrix,QUANTITATIVE_BACKBONE,"screening exceedance is possible; confection maximum availability is about 109 mg/kg bw/d and oilseed about 167, with rate/method-dependent durations.",INCREASES_CONCERN,DIRECT_QUANTITATIVE,See concise consideration and linked decision-level evidence,MAIN; TABLES,TABLES:Tables 146-154; MAIN-H0083; MAIN-H0085; MAIN-P001513; MAIN-P001517; MAIN-P001523; MAIN-P001525; MAIN-P001531; MAIN-P001535; MAIN-P001536; MAIN-P001544; MAIN-P001548; MAIN-P001549; MAIN-P001557; MAIN-P001561; MAIN-P001563; PH-00023,TRACEABLE_WITH_QUALIFICATION,Values summarize the most decision-relevant extrema and duration contrasts; full ranges remain in cited tables and Phase 2B/3 registers.,Supplies the quantitative magnitude/duration backbone; it does not itself dictate the Table 162 position.,PH-00023; TRC-001,EVIDENCE
T162-C0085,T162-D0109; T162-D0110; T162-D0111; T162-D0112; T162-D0113; T162-D0114; T162-D0121; T162-D0122; T162-D0123; T162-D0124; T162-D0125; T162-D0126; T162-D0133; T162-D0134; T162-D0135; T162-D0136; T162-D0137; T162-D0138; T162-D0145; T162-D0146; T162-D0147; T162-D0148; T162-D0149; T162-D0150; T162-D0157; T162-D0158; T162-D0159; T162-D0160; T162-D0161; T162-D0162; T162-D0169; T162-D0170; T162-D0171; T162-D0172; T162-D0173; T162-D0174,36,Canola/Mustard,Bird; all sizes/effect windows where scientifically applicable,All bird Table 162 rows in this crop family; receptor-specific relevance is explained in the consideration,EXPOSURE_LIKELIHOOD,"Small, energy-rich canola/mustard seed is potentially attractive, but direct evidence for ingestion of newly sown treated seed is sparse.",INCREASES_CONCERN,QUALITATIVE_SUPPORT,,MAIN; TABLES,MAIN-P000668; MAIN-P000670; MAIN-P000672,TRACEABLE_WITH_QUALIFICATION,Preference studies and general seed use do not establish treated-seed dietary fraction in Canadian fields.,"Refines exposure likelihood, biological plausibility, applicability or confidence; weight must be assigned in peer review.",TRC-001,INTERPRETATION
T162-C0086,T162-D0109; T162-D0110; T162-D0111; T162-D0112; T162-D0113; T162-D0114; T162-D0121; T162-D0122; T162-D0123; T162-D0124; T162-D0125; T162-D0126; T162-D0133; T162-D0134; T162-D0135; T162-D0136; T162-D0137; T162-D0138; T162-D0145; T162-D0146; T162-D0147; T162-D0148; T162-D0149; T162-D0150; T162-D0157; T162-D0158; T162-D0159; T162-D0160; T162-D0161; T162-D0162; T162-D0169; T162-D0170; T162-D0171; T162-D0172; T162-D0173; T162-D0174,36,Canola/Mustard,Bird; all sizes/effect windows where scientifically applicable,All bird Table 162 rows in this crop family; receptor-specific relevance is explained in the consideration,PLANTING_METHOD,"Fall drilling and especially broadcast use create higher modeled surface availability than spring drilling, materially changing duration and magnitude.",CONTEXT_ONLY,DIRECT_QUANTITATIVE,Bird maximum diet: spring about 51/13/9%; fall about 142/36/25% for small/medium/large,MAIN; TABLES,MAIN-P000682; MAIN-P000689; MAIN-P000691,TRACEABLE_WITH_QUALIFICATION,Maximum values do not establish typical intake.,"Refines exposure likelihood, biological plausibility, applicability or confidence; weight must be assigned in peer review.",TRC-001,EVIDENCE
T162-C0087,T162-D0115; T162-D0116; T162-D0117; T162-D0118; T162-D0119; T162-D0120; T162-D0127; T162-D0128; T162-D0129; T162-D0130; T162-D0131; T162-D0132; T162-D0139; T162-D0140; T162-D0141; T162-D0142; T162-D0143; T162-D0144; T162-D0151; T162-D0152; T162-D0153; T162-D0154; T162-D0155; T162-D0156; T162-D0163; T162-D0164; T162-D0165; T162-D0166; T162-D0167; T162-D0168; T162-D0175; T162-D0176; T162-D0177; T162-D0178; T162-D0179; T162-D0180,36,Canola/Mustard,Mammal; all sizes/effect windows where scientifically applicable,All mammal Table 162 rows in this crop family; receptor-specific relevance is explained in the consideration,DIETARY_PLAUSIBILITY,"For mammals, European observations near sowing suggest canola at about 5% of diet, supporting lower dietary fractions than the 100% upper scenario.",DECREASES_CONCERN,EXTRAPOLATED,about 5%,MAIN; TABLES,MAIN-P001275; MAIN-P001299,TRACEABLE_WITH_QUALIFICATION,European-to-Canadian and species applicability are uncertain; no comparable North American damage evidence was identified.,"Refines exposure likelihood, biological plausibility, applicability or confidence; weight must be assigned in peer review.",TRC-001,INTERPRETATION
T162-C0088,T162-D0115; T162-D0116; T162-D0117; T162-D0118; T162-D0119; T162-D0120; T162-D0127; T162-D0128; T162-D0129; T162-D0130; T162-D0131; T162-D0132; T162-D0139; T162-D0140; T162-D0141; T162-D0142; T162-D0143; T162-D0144; T162-D0151; T162-D0152; T162-D0153; T162-D0154; T162-D0155; T162-D0156; T162-D0163; T162-D0164; T162-D0165; T162-D0166; T162-D0167; T162-D0168; T162-D0175; T162-D0176; T162-D0177; T162-D0178; T162-D0179; T162-D0180,36,Canola/Mustard,Mammal; all sizes/effect windows where scientifically applicable,All mammal Table 162 rows in this crop family; receptor-specific relevance is explained in the consideration,UNCERTAINTY_EXTRAPOLATION,The narrative relies on exposure-duration and population-resilience judgments without an explicit threshold for when modeled individual effects become population-relevant.,UNCERTAIN,ASSUMPTION,,MAIN; TABLES,MAIN-P001300; MAIN-P001301; MAIN-P001303,TRACEABLE_WITH_QUALIFICATION,Requires peer-review judgment rather than calculation alone.,"Refines exposure likelihood, biological plausibility, applicability or confidence; weight must be assigned in peer review.",TRC-001,JUDGMENT
T162-C0089,T162-D1429; T162-D1430; T162-D1431; T162-D1432; T162-D1433; T162-D1434; T162-D1435; T162-D1436; T162-D1437; T162-D1438; T162-D1439; T162-D1440; T162-D1441; T162-D1442; T162-D1443; T162-D1444; T162-D1445; T162-D1446; T162-D1447; T162-D1448; T162-D1449; T162-D1450; T162-D1451; T162-D1452; T162-D1453; T162-D1454; T162-D1455; T162-D1456; T162-D1457; T162-D1458; T162-D1459; T162-D1460; T162-D1461; T162-D1462; T162-D1463; T162-D1464; T162-D1465; T162-D1466; T162-D1467; T162-D1468; T162-D1469; T162-D1470; T162-D1471; T162-D1472; T162-D1473; T162-D1474; T162-D1475; T162-D1476; T162-D1477; T162-D1478; T162-D1479; T162-D1480; T162-D1481; T162-D1482; T162-D1483; T162-D1484; T162-D1485; T162-D1486; T162-D1487; T162-D1488; T162-D1489; T162-D1490; T162-D1491; T162-D1492; T162-D1493; T162-D1494; T162-D1495; T162-D1496; T162-D1497; T162-D1498; T162-D1499; T162-D1500; T162-D1501; T162-D1502; T162-D1503; T162-D1504; T162-D1505; T162-D1506; T162-D1507; T162-D1508; T162-D1509; T162-D1510; T162-D1511; T162-D1512; T162-D1513; T162-D1514; T162-D1515; T162-D1516; T162-D1517; T162-D1518; T162-D1519; T162-D1520; T162-D1521; T162-D1522; T162-D1523; T162-D1524; T162-D1525; T162-D1526; T162-D1527; T162-D1528; T162-D1529; T162-D1530; T162-D1531; T162-D1532; T162-D1533; T162-D1534; T162-D1535; T162-D1536; T162-D1537; T162-D1538; T162-D1539; T162-D1540; T162-D1541; T162-D1542; T162-D1543; T162-D1544; T162-D1545; T162-D1546; T162-D1547; T162-D1548,120,Corn,Bird and Mammal; all sizes/effect windows where scientifically applicable,All bird and mammal Table 162 rows in this crop family; receptor-specific relevance is explained in the consideration,DIETARY_PLAUSIBILITY,"Corn is an important food for many birds and mammals, but newly sown treated corn is characterized as more likely one component of a mixed diet than a sole long-duration food source.",DECREASES_CONCERN,QUALITATIVE_SUPPORT,Prairie deer mouse average about 55% corn December-April,MAIN; TABLES,MAIN-P000777; MAIN-P001398,TRACEABLE_WITH_QUALIFICATION,Seasonal diet data do not directly measure treated seed immediately after spring sowing.,"Refines exposure likelihood, biological plausibility, applicability or confidence; weight must be assigned in peer review.",TRC-001,INTERPRETATION
T162-C0090,T162-D1429; T162-D1430; T162-D1431; T162-D1432; T162-D1433; T162-D1434; T162-D1435; T162-D1436; T162-D1437; T162-D1438; T162-D1439; T162-D1440; T162-D1441; T162-D1442; T162-D1443; T162-D1444; T162-D1445; T162-D1446; T162-D1447; T162-D1448; T162-D1449; T162-D1450; T162-D1451; T162-D1452; T162-D1453; T162-D1454; T162-D1455; T162-D1456; T162-D1457; T162-D1458; T162-D1459; T162-D1460; T162-D1461; T162-D1462; T162-D1463; T162-D1464; T162-D1465; T162-D1466; T162-D1467; T162-D1468; T162-D1469; T162-D1470; T162-D1471; T162-D1472; T162-D1473; T162-D1474; T162-D1475; T162-D1476; T162-D1477; T162-D1478; T162-D1479; T162-D1480; T162-D1481; T162-D1482; T162-D1483; T162-D1484; T162-D1485; T162-D1486; T162-D1487; T162-D1488; T162-D1489; T162-D1490; T162-D1491; T162-D1492; T162-D1493; T162-D1494; T162-D1495; T162-D1496; T162-D1497; T162-D1498; T162-D1499; T162-D1500; T162-D1501; T162-D1502; T162-D1503; T162-D1504; T162-D1505; T162-D1506; T162-D1507; T162-D1508; T162-D1509; T162-D1510; T162-D1511; T162-D1512; T162-D1513; T162-D1514; T162-D1515; T162-D1516; T162-D1517; T162-D1518; T162-D1519; T162-D1520; T162-D1521; T162-D1522; T162-D1523; T162-D1524; T162-D1525; T162-D1526; T162-D1527; T162-D1528; T162-D1529; T162-D1530; T162-D1531; T162-D1532; T162-D1533; T162-D1534; T162-D1535; T162-D1536; T162-D1537; T162-D1538; T162-D1539; T162-D1540; T162-D1541; T162-D1542; T162-D1543; T162-D1544; T162-D1545; T162-D1546; T162-D1547; T162-D1548,120,Corn,Bird and Mammal; all sizes/effect windows where scientifically applicable,All bird and mammal Table 162 rows in this crop family; receptor-specific relevance is explained in the consideration,FIELD_EVIDENCE,Bird observations include 1-2 surface seeds taken at a time on precision-sown fields and larger counts at bait/spill stations; mammals readily located simulated corn spills.,CONTEXT_ONLY,DIRECT_EMPIRICAL,Birds: 1-2 field surface seeds; up to 4.5 treated-spill seeds or 11 untreated-bait seeds per visit,MAIN; TABLES,MAIN-P000780; MAIN-P001398,TRACEABLE_WITH_QUALIFICATION,"Waste grain, bait/spill density and treatment identity limit transfer to normal sowing.","Refines exposure likelihood, biological plausibility, applicability or confidence; weight must be assigned in peer review.",TRC-001,EVIDENCE
T162-C0091,T162-D1435; T162-D1436; T162-D1437; T162-D1438; T162-D1439; T162-D1440; T162-D1447; T162-D1448; T162-D1449; T162-D1450; T162-D1451; T162-D1452; T162-D1459; T162-D1460; T162-D1461; T162-D1462; T162-D1463; T162-D1464; T162-D1471; T162-D1472; T162-D1473; T162-D1474; T162-D1475; T162-D1476; T162-D1483; T162-D1484; T162-D1485; T162-D1486; T162-D1487; T162-D1488; T162-D1495; T162-D1496; T162-D1497; T162-D1498; T162-D1499; T162-D1500; T162-D1507; T162-D1508; T162-D1509; T162-D1510; T162-D1511; T162-D1512; T162-D1519; T162-D1520; T162-D1521; T162-D1522; T162-D1523; T162-D1524; T162-D1531; T162-D1532; T162-D1533; T162-D1534; T162-D1535; T162-D1536; T162-D1543; T162-D1544; T162-D1545; T162-D1546; T162-D1547; T162-D1548,60,Corn,Mammal; all sizes/effect windows where scientifically applicable,All mammal Table 162 rows in this crop family; receptor-specific relevance is explained in the consideration,SEED_ACCESSIBILITY,"The mammal model assumes all sown corn is accessible because planting may be <3 cm, while the narrative notes accessibility declines at depths >3 cm.",DECREASES_CONCERN,ASSUMPTION,nominal depth 2.5-5 cm,MAIN; TABLES,MAIN-P001407,TRACEABLE_WITH_QUALIFICATION,Field-specific depth distribution and mammal excavation behavior are not quantified.,"Refines exposure likelihood, biological plausibility, applicability or confidence; weight must be assigned in peer review.",TRC-001,INTERPRETATION
T162-C0092,T162-D1435; T162-D1436; T162-D1437; T162-D1438; T162-D1439; T162-D1440; T162-D1447; T162-D1448; T162-D1449; T162-D1450; T162-D1451; T162-D1452; T162-D1459; T162-D1460; T162-D1461; T162-D1462; T162-D1463; T162-D1464; T162-D1471; T162-D1472; T162-D1473; T162-D1474; T162-D1475; T162-D1476; T162-D1483; T162-D1484; T162-D1485; T162-D1486; T162-D1487; T162-D1488; T162-D1495; T162-D1496; T162-D1497; T162-D1498; T162-D1499; T162-D1500; T162-D1507; T162-D1508; T162-D1509; T162-D1510; T162-D1511; T162-D1512; T162-D1519; T162-D1520; T162-D1521; T162-D1522; T162-D1523; T162-D1524; T162-D1531; T162-D1532; T162-D1533; T162-D1534; T162-D1535; T162-D1536; T162-D1543; T162-D1544; T162-D1545; T162-D1546; T162-D1547; T162-D1548,60,Corn,Mammal; all sizes/effect windows where scientifically applicable,All mammal Table 162 rows in this crop family; receptor-specific relevance is explained in the consideration,DEHUSKING,"European wood-mouse studies suggest maize dehusking may reduce exposure by about 60%, but the behavior varies among species and may not apply to larger/non-myomorph mammals.",DECREASES_CONCERN,EXTRAPOLATED,about 60% reduction for wood mouse,MAIN; TABLES,MAIN-P001409,TRACEABLE_WITH_QUALIFICATION,Species and geographic extrapolation is substantial.,"Refines exposure likelihood, biological plausibility, applicability or confidence; weight must be assigned in peer review.",TRC-001,INTERPRETATION
T162-C0093,T162-D1429; T162-D1430; T162-D1431; T162-D1432; T162-D1433; T162-D1434; T162-D1435; T162-D1436; T162-D1437; T162-D1438; T162-D1439; T162-D1440; T162-D1441; T162-D1442; T162-D1443; T162-D1444; T162-D1445; T162-D1446; T162-D1447; T162-D1448; T162-D1449; T162-D1450; T162-D1451; T162-D1452; T162-D1453; T162-D1454; T162-D1455; T162-D1456; T162-D1457; T162-D1458; T162-D1459; T162-D1460; T162-D1461; T162-D1462; T162-D1463; T162-D1464; T162-D1465; T162-D1466; T162-D1467; T162-D1468; T162-D1469; T162-D1470; T162-D1471; T162-D1472; T162-D1473; T162-D1474; T162-D1475; T162-D1476; T162-D1477; T162-D1478; T162-D1479; T162-D1480; T162-D1481; T162-D1482; T162-D1483; T162-D1484; T162-D1485; T162-D1486; T162-D1487; T162-D1488; T162-D1489; T162-D1490; T162-D1491; T162-D1492; T162-D1493; T162-D1494; T162-D1495; T162-D1496; T162-D1497; T162-D1498; T162-D1499; T162-D1500; T162-D1501; T162-D1502; T162-D1503; T162-D1504; T162-D1505; T162-D1506; T162-D1507; T162-D1508; T162-D1509; T162-D1510; T162-D1511; T162-D1512; T162-D1513; T162-D1514; T162-D1515; T162-D1516; T162-D1517; T162-D1518; T162-D1519; T162-D1520; T162-D1521; T162-D1522; T162-D1523; T162-D1524; T162-D1525; T162-D1526; T162-D1527; T162-D1528; T162-D1529; T162-D1530; T162-D1531; T162-D1532; T162-D1533; T162-D1534; T162-D1535; T162-D1536; T162-D1537; T162-D1538; T162-D1539; T162-D1540; T162-D1541; T162-D1542; T162-D1543; T162-D1544; T162-D1545; T162-D1546; T162-D1547; T162-D1548,120,Corn,Bird and Mammal; all sizes/effect windows where scientifically applicable,All bird and mammal Table 162 rows in this crop family; receptor-specific relevance is explained in the consideration,UNCERTAINTY_EXTRAPOLATION,"Bait/spill observations, seasonal diet data and European dehusking evidence do not establish a single normal-field dietary fraction for all corn crops and receptor sizes.",UNCERTAIN,UNCERTAIN,,MAIN; TABLES,MAIN-P000780; MAIN-P001398; MAIN-P001409,TRACEABLE_WITH_QUALIFICATION,"Applicability varies by crop type, planting depth, field edge, species and study design.","Refines exposure likelihood, biological plausibility, applicability or confidence; weight must be assigned in peer review.",TRC-001,JUDGMENT
T162-C0094,T162-D1549; T162-D1550; T162-D1551; T162-D1552; T162-D1553; T162-D1554; T162-D1561; T162-D1562; T162-D1563; T162-D1564; T162-D1565; T162-D1566; T162-D1573; T162-D1574; T162-D1575; T162-D1576; T162-D1577; T162-D1578; T162-D1585; T162-D1586; T162-D1587; T162-D1588; T162-D1589; T162-D1590; T162-D1597; T162-D1598; T162-D1599; T162-D1600; T162-D1601; T162-D1602; T162-D1609; T162-D1610; T162-D1611; T162-D1612; T162-D1613; T162-D1614; T162-D1621; T162-D1622; T162-D1623; T162-D1624; T162-D1625; T162-D1626; T162-D1633; T162-D1634; T162-D1635; T162-D1636; T162-D1637; T162-D1638; T162-D1645; T162-D1646; T162-D1647; T162-D1648; T162-D1649; T162-D1650; T162-D1657; T162-D1658; T162-D1659; T162-D1660; T162-D1661; T162-D1662,60,Cucurbits,Bird; all sizes/effect windows where scientifically applicable,All bird Table 162 rows in this crop family; receptor-specific relevance is explained in the consideration,PLANTING_METHOD,"Processing cucumber may be standard drilled and has much higher modeled surface-seed counts than precision-planted cucumber, melon or gourd scenarios.",CONTEXT_ONLY,DIRECT_QUANTITATIVE,Small-bird MSA: up to 54 standard-drilled cucumber seeds versus up to about 8.3 precision seeds,MAIN; TABLES,MAIN-P000804; MAIN-P000831; TABLES:Tables 66-74,TRACEABLE_WITH_QUALIFICATION,Direct-seeding practices vary by crop; many cucurbits are transplanted even though labels do not prohibit direct seeding.,"Refines exposure likelihood, biological plausibility, applicability or confidence; weight must be assigned in peer review.",TRC-001; PH-00022,EVIDENCE
T162-C0095,T162-D1549; T162-D1550; T162-D1551; T162-D1552; T162-D1553; T162-D1554; T162-D1561; T162-D1562; T162-D1563; T162-D1564; T162-D1565; T162-D1566; T162-D1573; T162-D1574; T162-D1575; T162-D1576; T162-D1577; T162-D1578; T162-D1585; T162-D1586; T162-D1587; T162-D1588; T162-D1589; T162-D1590; T162-D1597; T162-D1598; T162-D1599; T162-D1600; T162-D1601; T162-D1602; T162-D1609; T162-D1610; T162-D1611; T162-D1612; T162-D1613; T162-D1614; T162-D1621; T162-D1622; T162-D1623; T162-D1624; T162-D1625; T162-D1626; T162-D1633; T162-D1634; T162-D1635; T162-D1636; T162-D1637; T162-D1638; T162-D1645; T162-D1646; T162-D1647; T162-D1648; T162-D1649; T162-D1650; T162-D1657; T162-D1658; T162-D1659; T162-D1660; T162-D1661; T162-D1662,60,Cucurbits,Bird; all sizes/effect windows where scientifically applicable,All bird Table 162 rows in this crop family; receptor-specific relevance is explained in the consideration,DIETARY_PLAUSIBILITY,"Birds can ingest cucurbit seed, but the assessment considers a substantial daily dietary fraction highly implausible; larger gourd/melon seed may limit small-bird handling.",DECREASES_CONCERN,QUALITATIVE_SUPPORT,,MAIN; TABLES,MAIN-P000791; MAIN-P000831; MAIN-P000835,TRACEABLE_WITH_QUALIFICATION,Direct dietary evidence for freshly sown commercial cucurbit seed is sparse.,"Refines exposure likelihood, biological plausibility, applicability or confidence; weight must be assigned in peer review.",TRC-001; PH-00022,INTERPRETATION
T162-C0096,T162-D1549; T162-D1550; T162-D1551; T162-D1552; T162-D1553; T162-D1554; T162-D1561; T162-D1562; T162-D1563; T162-D1564; T162-D1565; T162-D1566; T162-D1573; T162-D1574; T162-D1575; T162-D1576; T162-D1577; T162-D1578; T162-D1585; T162-D1586; T162-D1587; T162-D1588; T162-D1589; T162-D1590; T162-D1597; T162-D1598; T162-D1599; T162-D1600; T162-D1601; T162-D1602; T162-D1609; T162-D1610; T162-D1611; T162-D1612; T162-D1613; T162-D1614; T162-D1621; T162-D1622; T162-D1623; T162-D1624; T162-D1625; T162-D1626; T162-D1633; T162-D1634; T162-D1635; T162-D1636; T162-D1637; T162-D1638; T162-D1645; T162-D1646; T162-D1647; T162-D1648; T162-D1649; T162-D1650; T162-D1657; T162-D1658; T162-D1659; T162-D1660; T162-D1661; T162-D1662,60,Cucurbits,Bird; all sizes/effect windows where scientifically applicable,All bird Table 162 rows in this crop family; receptor-specific relevance is explained in the consideration,SEED_DISAPPEARANCE,"For the large-bird precision-cucumber upper case, the assessment expects displacement, burial and predation to remove about 30% of surface seed within one week.",DECREASES_CONCERN,ASSUMPTION,about 30% within one week,MAIN; TABLES,MAIN-P000861,TRACEABLE_WITH_QUALIFICATION,The assumption is not shown as a crop- and method-specific field distribution.,"Refines exposure likelihood, biological plausibility, applicability or confidence; weight must be assigned in peer review.",TRC-001; PH-00022,INTERPRETATION
T162-C0097,T162-D1555; T162-D1556; T162-D1557; T162-D1558; T162-D1559; T162-D1560; T162-D1567; T162-D1568; T162-D1569; T162-D1570; T162-D1571; T162-D1572; T162-D1579; T162-D1580; T162-D1581; T162-D1582; T162-D1583; T162-D1584; T162-D1591; T162-D1592; T162-D1593; T162-D1594; T162-D1595; T162-D1596; T162-D1603; T162-D1604; T162-D1605; T162-D1606; T162-D1607; T162-D1608; T162-D1615; T162-D1616; T162-D1617; T162-D1618; T162-D1619; T162-D1620; T162-D1627; T162-D1628; T162-D1629; T162-D1630; T162-D1631; T162-D1632; T162-D1639; T162-D1640; T162-D1641; T162-D1642; T162-D1643; T162-D1644; T162-D1651; T162-D1652; T162-D1653; T162-D1654; T162-D1655; T162-D1656; T162-D1663; T162-D1664; T162-D1665; T162-D1666; T162-D1667; T162-D1668,60,Cucurbits,Mammal; all sizes/effect windows where scientifically applicable,All mammal Table 162 rows in this crop family; receptor-specific relevance is explained in the consideration,DRAFT_COMPLETENESS,"Mammalian Cucurbits quantitative material is present, but the risk-characterization section contains no completed interpretive synthesis.",UNCERTAIN,UNCERTAIN,,MAIN; TABLES,MAIN-H0082; MAIN-P001509; PH-00022,TRACEABLE_WITH_QUALIFICATION,The intended evidence weighting cannot be reconstructed confidently.,"Refines exposure likelihood, biological plausibility, applicability or confidence; weight must be assigned in peer review.",TRC-001; PH-00022,JUDGMENT
T162-C0098,T162-D0181; T162-D0182; T162-D0183; T162-D0184; T162-D0185; T162-D0186; T162-D0193; T162-D0194; T162-D0195; T162-D0196; T162-D0197; T162-D0198; T162-D0205; T162-D0206; T162-D0207; T162-D0208; T162-D0209; T162-D0210; T162-D0217; T162-D0218; T162-D0219; T162-D0220; T162-D0221; T162-D0222; T162-D0229; T162-D0230; T162-D0231; T162-D0232; T162-D0233; T162-D0234; T162-D0241; T162-D0242; T162-D0243; T162-D0244; T162-D0245; T162-D0246; T162-D0253; T162-D0254; T162-D0255; T162-D0256; T162-D0257; T162-D0258; T162-D0265; T162-D0266; T162-D0267; T162-D0268; T162-D0269; T162-D0270; T162-D0277; T162-D0278; T162-D0279; T162-D0280; T162-D0281; T162-D0282; T162-D0289; T162-D0290; T162-D0291; T162-D0292; T162-D0293; T162-D0294; T162-D0301; T162-D0302; T162-D0303; T162-D0304; T162-D0305; T162-D0306; T162-D0313; T162-D0314; T162-D0315; T162-D0316; T162-D0317; T162-D0318; T162-D0325; T162-D0326; T162-D0327; T162-D0328; T162-D0329; T162-D0330; T162-D0337; T162-D0338; T162-D0339; T162-D0340; T162-D0341; T162-D0342; T162-D0349; T162-D0350; T162-D0351; T162-D0352; T162-D0353; T162-D0354; T162-D0361; T162-D0362; T162-D0363; T162-D0364; T162-D0365; T162-D0366; T162-D0373; T162-D0374; T162-D0375; T162-D0376; T162-D0377; T162-D0378; T162-D0385; T162-D0386; T162-D0387; T162-D0388; T162-D0389; T162-D0390; T162-D0397; T162-D0398; T162-D0399; T162-D0400; T162-D0401; T162-D0402; T162-D0409; T162-D0410; T162-D0411; T162-D0412; T162-D0413; T162-D0414; T162-D0421; T162-D0422; T162-D0423; T162-D0424; T162-D0425; T162-D0426; T162-D0433; T162-D0434; T162-D0435; T162-D0436; T162-D0437; T162-D0438; T162-D0445; T162-D0446; T162-D0447; T162-D0448; T162-D0449; T162-D0450; T162-D0457; T162-D0458; T162-D0459; T162-D0460; T162-D0461; T162-D0462; T162-D0469; T162-D0470; T162-D0471; T162-D0472; T162-D0473; T162-D0474; T162-D0481; T162-D0482; T162-D0483; T162-D0484; T162-D0485; T162-D0486; T162-D0493; T162-D0494; T162-D0495; T162-D0496; T162-D0497; T162-D0498; T162-D0505; T162-D0506; T162-D0507; T162-D0508; T162-D0509; T162-D0510; T162-D0517; T162-D0518; T162-D0519; T162-D0520; T162-D0521; T162-D0522; T162-D0529; T162-D0530; T162-D0531; T162-D0532; T162-D0533; T162-D0534; T162-D0541; T162-D0542; T162-D0543; T162-D0544; T162-D0545; T162-D0546; T162-D0553; T162-D0554; T162-D0555; T162-D0556; T162-D0557; T162-D0558; T162-D0565; T162-D0566; T162-D0567; T162-D0568; T162-D0569; T162-D0570; T162-D0577; T162-D0578; T162-D0579; T162-D0580; T162-D0581; T162-D0582; T162-D0589; T162-D0590; T162-D0591; T162-D0592; T162-D0593; T162-D0594; T162-D0601; T162-D0602; T162-D0603; T162-D0604; T162-D0605; T162-D0606; T162-D0613; T162-D0614; T162-D0615; T162-D0616; T162-D0617; T162-D0618; T162-D0625; T162-D0626; T162-D0627; T162-D0628; T162-D0629; T162-D0630; T162-D0637; T162-D0638; T162-D0639; T162-D0640; T162-D0641; T162-D0642; T162-D0649; T162-D0650; T162-D0651; T162-D0652; T162-D0653; T162-D0654; T162-D0661; T162-D0662; T162-D0663; T162-D0664; T162-D0665; T162-D0666; T162-D0673; T162-D0674; T162-D0675; T162-D0676; T162-D0677; T162-D0678; T162-D0685; T162-D0686; T162-D0687; T162-D0688; T162-D0689; T162-D0690; T162-D0697; T162-D0698; T162-D0699; T162-D0700; T162-D0701; T162-D0702; T162-D0709; T162-D0710; T162-D0711; T162-D0712; T162-D0713; T162-D0714; T162-D0721; T162-D0722; T162-D0723; T162-D0724; T162-D0725; T162-D0726; T162-D0733; T162-D0734; T162-D0735; T162-D0736; T162-D0737; T162-D0738; T162-D0745; T162-D0746; T162-D0747; T162-D0748; T162-D0749; T162-D0750; T162-D0757; T162-D0758; T162-D0759; T162-D0760; T162-D0761; T162-D0762; T162-D0769; T162-D0770; T162-D0771; T162-D0772; T162-D0773; T162-D0774; T162-D0781; T162-D0782; T162-D0783; T162-D0784; T162-D0785; T162-D0786; T162-D0793; T162-D0794; T162-D0795; T162-D0796; T162-D0797; T162-D0798; T162-D0805; T162-D0806; T162-D0807; T162-D0808; T162-D0809; T162-D0810; T162-D0817; T162-D0818; T162-D0819; T162-D0820; T162-D0821; T162-D0822; T162-D0829; T162-D0830; T162-D0831; T162-D0832; T162-D0833; T162-D0834; T162-D0841; T162-D0842; T162-D0843; T162-D0844; T162-D0845; T162-D0846; T162-D0853; T162-D0854; T162-D0855; T162-D0856; T162-D0857; T162-D0858; T162-D0865; T162-D0866; T162-D0867; T162-D0868; T162-D0869; T162-D0870; T162-D0877; T162-D0878; T162-D0879; T162-D0880; T162-D0881; T162-D0882; T162-D0889; T162-D0890; T162-D0891; T162-D0892; T162-D0893; T162-D0894; T162-D0901; T162-D0902; T162-D0903; T162-D0904; T162-D0905; T162-D0906; T162-D0913; T162-D0914; T162-D0915; T162-D0916; T162-D0917; T162-D0918; T162-D0925; T162-D0926; T162-D0927; T162-D0928; T162-D0929; T162-D0930; T162-D0937; T162-D0938; T162-D0939; T162-D0940; T162-D0941; T162-D0942; T162-D0949; T162-D0950; T162-D0951; T162-D0952; T162-D0953; T162-D0954; T162-D0961; T162-D0962; T162-D0963; T162-D0964; T162-D0965; T162-D0966; T162-D0973; T162-D0974; T162-D0975; T162-D0976; T162-D0977; T162-D0978; T162-D0985; T162-D0986; T162-D0987; T162-D0988; T162-D0989; T162-D0990; T162-D0997; T162-D0998; T162-D0999; T162-D1000; T162-D1001; T162-D1002; T162-D1009; T162-D1010; T162-D1011; T162-D1012; T162-D1013; T162-D1014; T162-D1021; T162-D1022; T162-D1023; T162-D1024; T162-D1025; T162-D1026; T162-D1033; T162-D1034; T162-D1035; T162-D1036; T162-D1037; T162-D1038; T162-D1045; T162-D1046; T162-D1047; T162-D1048; T162-D1049; T162-D1050; T162-D1057; T162-D1058; T162-D1059; T162-D1060; T162-D1061; T162-D1062; T162-D1069; T162-D1070; T162-D1071; T162-D1072; T162-D1073; T162-D1074; T162-D1081; T162-D1082; T162-D1083; T162-D1084; T162-D1085; T162-D1086; T162-D1093; T162-D1094; T162-D1095; T162-D1096; T162-D1097; T162-D1098; T162-D1105; T162-D1106; T162-D1107; T162-D1108; T162-D1109; T162-D1110; T162-D1117; T162-D1118; T162-D1119; T162-D1120; T162-D1121; T162-D1122; T162-D1129; T162-D1130; T162-D1131; T162-D1132; T162-D1133; T162-D1134; T162-D1141; T162-D1142; T162-D1143; T162-D1144; T162-D1145; T162-D1146; T162-D1153; T162-D1154; T162-D1155; T162-D1156; T162-D1157; T162-D1158; T162-D1165; T162-D1166; T162-D1167; T162-D1168; T162-D1169; T162-D1170; T162-D1177; T162-D1178; T162-D1179; T162-D1180; T162-D1181; T162-D1182; T162-D1189; T162-D1190; T162-D1191; T162-D1192; T162-D1193; T162-D1194; T162-D1201; T162-D1202; T162-D1203; T162-D1204; T162-D1205; T162-D1206; T162-D1213; T162-D1214; T162-D1215; T162-D1216; T162-D1217; T162-D1218; T162-D1225; T162-D1226; T162-D1227; T162-D1228; T162-D1229; T162-D1230; T162-D1237; T162-D1238; T162-D1239; T162-D1240; T162-D1241; T162-D1242; T162-D1249; T162-D1250; T162-D1251; T162-D1252; T162-D1253; T162-D1254; T162-D1261; T162-D1262; T162-D1263; T162-D1264; T162-D1265; T162-D1266; T162-D1273; T162-D1274; T162-D1275; T162-D1276; T162-D1277; T162-D1278; T162-D1285; T162-D1286; T162-D1287; T162-D1288; T162-D1289; T162-D1290; T162-D1297; T162-D1298; T162-D1299; T162-D1300; T162-D1301; T162-D1302; T162-D1309; T162-D1310; T162-D1311; T162-D1312; T162-D1313; T162-D1314; T162-D1321; T162-D1322; T162-D1323; T162-D1324; T162-D1325; T162-D1326; T162-D1333; T162-D1334; T162-D1335; T162-D1336; T162-D1337; T162-D1338; T162-D1345; T162-D1346; T162-D1347; T162-D1348; T162-D1349; T162-D1350; T162-D1357; T162-D1358; T162-D1359; T162-D1360; T162-D1361; T162-D1362; T162-D1369; T162-D1370; T162-D1371; T162-D1372; T162-D1373; T162-D1374; T162-D1381; T162-D1382; T162-D1383; T162-D1384; T162-D1385; T162-D1386; T162-D1393; T162-D1394; T162-D1395; T162-D1396; T162-D1397; T162-D1398; T162-D1405; T162-D1406; T162-D1407; T162-D1408; T162-D1409; T162-D1410; T162-D1417; T162-D1418; T162-D1419; T162-D1420; T162-D1421; T162-D1422,624,Legumes,Bird; all sizes/effect windows where scientifically applicable,All bird Table 162 rows in this crop family; receptor-specific relevance is explained in the consideration,DIETARY_PLAUSIBILITY,"Legume seeds are consumed by some Columbiformes/Galliformes, but the assessment generally treats sown legumes as an unlikely majority diet, especially for small birds.",DECREASES_CONCERN,QUALITATIVE_SUPPORT,Feral-pigeon maximum about 10% in May; proposed small-bird upper bound 25%,MAIN; TABLES,MAIN-P000511; MAIN-P000521; MAIN-P000538; MAIN-P000547,TRACEABLE_WITH_QUALIFICATION,"Limited studies, seed-type differences and uncertain connection to freshly sown treated seed.","Refines exposure likelihood, biological plausibility, applicability or confidence; weight must be assigned in peer review.",TRC-001; CAL-004; CON-004; CON-005; CLR-003; PH-00021,INTERPRETATION
T162-C0099,T162-D0181; T162-D0182; T162-D0183; T162-D0184; T162-D0185; T162-D0186; T162-D0187; T162-D0188; T162-D0189; T162-D0190; T162-D0191; T162-D0192; T162-D0193; T162-D0194; T162-D0195; T162-D0196; T162-D0197; T162-D0198; T162-D0199; T162-D0200; T162-D0201; T162-D0202; T162-D0203; T162-D0204; T162-D0205; T162-D0206; T162-D0207; T162-D0208; T162-D0209; T162-D0210; T162-D0211; T162-D0212; T162-D0213; T162-D0214; T162-D0215; T162-D0216; T162-D0217; T162-D0218; T162-D0219; T162-D0220; T162-D0221; T162-D0222; T162-D0223; T162-D0224; T162-D0225; T162-D0226; T162-D0227; T162-D0228; T162-D0229; T162-D0230; T162-D0231; T162-D0232; T162-D0233; T162-D0234; T162-D0235; T162-D0236; T162-D0237; T162-D0238; T162-D0239; T162-D0240; T162-D0241; T162-D0242; T162-D0243; T162-D0244; T162-D0245; T162-D0246; T162-D0247; T162-D0248; T162-D0249; T162-D0250; T162-D0251; T162-D0252; T162-D0253; T162-D0254; T162-D0255; T162-D0256; T162-D0257; T162-D0258; T162-D0259; T162-D0260; T162-D0261; T162-D0262; T162-D0263; T162-D0264; T162-D0265; T162-D0266; T162-D0267; T162-D0268; T162-D0269; T162-D0270; T162-D0271; T162-D0272; T162-D0273; T162-D0274; T162-D0275; T162-D0276; T162-D0277; T162-D0278; T162-D0279; T162-D0280; T162-D0281; T162-D0282; T162-D0283; T162-D0284; T162-D0285; T162-D0286; T162-D0287; T162-D0288; T162-D0289; T162-D0290; T162-D0291; T162-D0292; T162-D0293; T162-D0294; T162-D0295; T162-D0296; T162-D0297; T162-D0298; T162-D0299; T162-D0300; T162-D0301; T162-D0302; T162-D0303; T162-D0304; T162-D0305; T162-D0306; T162-D0307; T162-D0308; T162-D0309; T162-D0310; T162-D0311; T162-D0312; T162-D0313; T162-D0314; T162-D0315; T162-D0316; T162-D0317; T162-D0318; T162-D0319; T162-D0320; T162-D0321; T162-D0322; T162-D0323; T162-D0324; T162-D0325; T162-D0326; T162-D0327; T162-D0328; T162-D0329; T162-D0330; T162-D0331; T162-D0332; T162-D0333; T162-D0334; T162-D0335; T162-D0336; T162-D0337; T162-D0338; T162-D0339; T162-D0340; T162-D0341; T162-D0342; T162-D0343; T162-D0344; T162-D0345; T162-D0346; T162-D0347; T162-D0348; T162-D0349; T162-D0350; T162-D0351; T162-D0352; T162-D0353; T162-D0354; T162-D0355; T162-D0356; T162-D0357; T162-D0358; T162-D0359; T162-D0360; T162-D0361; T162-D0362; T162-D0363; T162-D0364; T162-D0365; T162-D0366; T162-D0367; T162-D0368; T162-D0369; T162-D0370; T162-D0371; T162-D0372; T162-D0373; T162-D0374; T162-D0375; T162-D0376; T162-D0377; T162-D0378; T162-D0379; T162-D0380; T162-D0381; T162-D0382; T162-D0383; T162-D0384; T162-D0385; T162-D0386; T162-D0387; T162-D0388; T162-D0389; T162-D0390; T162-D0391; T162-D0392; T162-D0393; T162-D0394; T162-D0395; T162-D0396; T162-D0397; T162-D0398; T162-D0399; T162-D0400; T162-D0401; T162-D0402; T162-D0403; T162-D0404; T162-D0405; T162-D0406; T162-D0407; T162-D0408; T162-D0409; T162-D0410; T162-D0411; T162-D0412; T162-D0413; T162-D0414; T162-D0415; T162-D0416; T162-D0417; T162-D0418; T162-D0419; T162-D0420; T162-D0421; T162-D0422; T162-D0423; T162-D0424; T162-D0425; T162-D0426; T162-D0427; T162-D0428; T162-D0429; T162-D0430; T162-D0431; T162-D0432; T162-D0433; T162-D0434; T162-D0435; T162-D0436; T162-D0437; T162-D0438; T162-D0439; T162-D0440; T162-D0441; T162-D0442; T162-D0443; T162-D0444; T162-D0445; T162-D0446; T162-D0447; T162-D0448; T162-D0449; T162-D0450; T162-D0451; T162-D0452; T162-D0453; T162-D0454; T162-D0455; T162-D0456; T162-D0457; T162-D0458; T162-D0459; T162-D0460; T162-D0461; T162-D0462; T162-D0463; T162-D0464; T162-D0465; T162-D0466; T162-D0467; T162-D0468; T162-D0469; T162-D0470; T162-D0471; T162-D0472; T162-D0473; T162-D0474; T162-D0475; T162-D0476; T162-D0477; T162-D0478; T162-D0479; T162-D0480; T162-D0481; T162-D0482; T162-D0483; T162-D0484; T162-D0485; T162-D0486; T162-D0487; T162-D0488; T162-D0489; T162-D0490; T162-D0491; T162-D0492; T162-D0493; T162-D0494; T162-D0495; T162-D0496; T162-D0497; T162-D0498; T162-D0499; T162-D0500; T162-D0501; T162-D0502; T162-D0503; T162-D0504; T162-D0505; T162-D0506; T162-D0507; T162-D0508; T162-D0509; T162-D0510; T162-D0511; T162-D0512; T162-D0513; T162-D0514; T162-D0515; T162-D0516; T162-D0517; T162-D0518; T162-D0519; T162-D0520; T162-D0521; T162-D0522; T162-D0523; T162-D0524; T162-D0525; T162-D0526; T162-D0527; T162-D0528; T162-D0529; T162-D0530; T162-D0531; T162-D0532; T162-D0533; T162-D0534; T162-D0535; T162-D0536; T162-D0537; T162-D0538; T162-D0539; T162-D0540; T162-D0541; T162-D0542; T162-D0543; T162-D0544; T162-D0545; T162-D0546; T162-D0547; T162-D0548; T162-D0549; T162-D0550; T162-D0551; T162-D0552; T162-D0553; T162-D0554; T162-D0555; T162-D0556; T162-D0557; T162-D0558; T162-D0559; T162-D0560; T162-D0561; T162-D0562; T162-D0563; T162-D0564; T162-D0565; T162-D0566; T162-D0567; T162-D0568; T162-D0569; T162-D0570; T162-D0571; T162-D0572; T162-D0573; T162-D0574; T162-D0575; T162-D0576; T162-D0577; T162-D0578; T162-D0579; T162-D0580; T162-D0581; T162-D0582; T162-D0583; T162-D0584; T162-D0585; T162-D0586; T162-D0587; T162-D0588; T162-D0589; T162-D0590; T162-D0591; T162-D0592; T162-D0593; T162-D0594; T162-D0595; T162-D0596; T162-D0597; T162-D0598; T162-D0599; T162-D0600; T162-D0601; T162-D0602; T162-D0603; T162-D0604; T162-D0605; T162-D0606; T162-D0607; T162-D0608; T162-D0609; T162-D0610; T162-D0611; T162-D0612; T162-D0613; T162-D0614; T162-D0615; T162-D0616; T162-D0617; T162-D0618; T162-D0619; T162-D0620; T162-D0621; T162-D0622; T162-D0623; T162-D0624; T162-D0625; T162-D0626; T162-D0627; T162-D0628; T162-D0629; T162-D0630; T162-D0631; T162-D0632; T162-D0633; T162-D0634; T162-D0635; T162-D0636; T162-D0637; T162-D0638; T162-D0639; T162-D0640; T162-D0641; T162-D0642; T162-D0643; T162-D0644; T162-D0645; T162-D0646; T162-D0647; T162-D0648; T162-D0649; T162-D0650; T162-D0651; T162-D0652; T162-D0653; T162-D0654; T162-D0655; T162-D0656; T162-D0657; T162-D0658; T162-D0659; T162-D0660; T162-D0661; T162-D0662; T162-D0663; T162-D0664; T162-D0665; T162-D0666; T162-D0667; T162-D0668; T162-D0669; T162-D0670; T162-D0671; T162-D0672; T162-D0673; T162-D0674; T162-D0675; T162-D0676; T162-D0677; T162-D0678; T162-D0679; T162-D0680; T162-D0681; T162-D0682; T162-D0683; T162-D0684; T162-D0685; T162-D0686; T162-D0687; T162-D0688; T162-D0689; T162-D0690; T162-D0691; T162-D0692; T162-D0693; T162-D0694; T162-D0695; T162-D0696; T162-D0697; T162-D0698; T162-D0699; T162-D0700; T162-D0701; T162-D0702; T162-D0703; T162-D0704; T162-D0705; T162-D0706; T162-D0707; T162-D0708; T162-D0709; T162-D0710; T162-D0711; T162-D0712; T162-D0713; T162-D0714; T162-D0715; T162-D0716; T162-D0717; T162-D0718; T162-D0719; T162-D0720; T162-D0721; T162-D0722; T162-D0723; T162-D0724; T162-D0725; T162-D0726; T162-D0727; T162-D0728; T162-D0729; T162-D0730; T162-D0731; T162-D0732; T162-D0733; T162-D0734; T162-D0735; T162-D0736; T162-D0737; T162-D0738; T162-D0739; T162-D0740; T162-D0741; T162-D0742; T162-D0743; T162-D0744; T162-D0745; T162-D0746; T162-D0747; T162-D0748; T162-D0749; T162-D0750; T162-D0751; T162-D0752; T162-D0753; T162-D0754; T162-D0755; T162-D0756; T162-D0757; T162-D0758; T162-D0759; T162-D0760; T162-D0761; T162-D0762; T162-D0763; T162-D0764; T162-D0765; T162-D0766; T162-D0767; T162-D0768; T162-D0769; T162-D0770; T162-D0771; T162-D0772; T162-D0773; T162-D0774; T162-D0775; T162-D0776; T162-D0777; T162-D0778; T162-D0779; T162-D0780; T162-D0781; T162-D0782; T162-D0783; T162-D0784; T162-D0785; T162-D0786; T162-D0787; T162-D0788; T162-D0789; T162-D0790; T162-D0791; T162-D0792; T162-D0793; T162-D0794; T162-D0795; T162-D0796; T162-D0797; T162-D0798; T162-D0799; T162-D0800; T162-D0801; T162-D0802; T162-D0803; T162-D0804; T162-D0805; T162-D0806; T162-D0807; T162-D0808; T162-D0809; T162-D0810; T162-D0811; T162-D0812; T162-D0813; T162-D0814; T162-D0815; T162-D0816; T162-D0817; T162-D0818; T162-D0819; T162-D0820; T162-D0821; T162-D0822; T162-D0823; T162-D0824; T162-D0825; T162-D0826; T162-D0827; T162-D0828; T162-D0829; T162-D0830; T162-D0831; T162-D0832; T162-D0833; T162-D0834; T162-D0835; T162-D0836; T162-D0837; T162-D0838; T162-D0839; T162-D0840; T162-D0841; T162-D0842; T162-D0843; T162-D0844; T162-D0845; T162-D0846; T162-D0847; T162-D0848; T162-D0849; T162-D0850; T162-D0851; T162-D0852; T162-D0853; T162-D0854; T162-D0855; T162-D0856; T162-D0857; T162-D0858; T162-D0859; T162-D0860; T162-D0861; T162-D0862; T162-D0863; T162-D0864; T162-D0865; T162-D0866; T162-D0867; T162-D0868; T162-D0869; T162-D0870; T162-D0871; T162-D0872; T162-D0873; T162-D0874; T162-D0875; T162-D0876; T162-D0877; T162-D0878; T162-D0879; T162-D0880; T162-D0881; T162-D0882; T162-D0883; T162-D0884; T162-D0885; T162-D0886; T162-D0887; T162-D0888; T162-D0889; T162-D0890; T162-D0891; T162-D0892; T162-D0893; T162-D0894; T162-D0895; T162-D0896; T162-D0897; T162-D0898; T162-D0899; T162-D0900; T162-D0901; T162-D0902; T162-D0903; T162-D0904; T162-D0905; T162-D0906; T162-D0907; T162-D0908; T162-D0909; T162-D0910; T162-D0911; T162-D0912; T162-D0913; T162-D0914; T162-D0915; T162-D0916; T162-D0917; T162-D0918; T162-D0919; T162-D0920; T162-D0921; T162-D0922; T162-D0923; T162-D0924; T162-D0925; T162-D0926; T162-D0927; T162-D0928; T162-D0929; T162-D0930; T162-D0931; T162-D0932; T162-D0933; T162-D0934; T162-D0935; T162-D0936; T162-D0937; T162-D0938; T162-D0939; T162-D0940; T162-D0941; T162-D0942; T162-D0943; T162-D0944; T162-D0945; T162-D0946; T162-D0947; T162-D0948; T162-D0949; T162-D0950; T162-D0951; T162-D0952; T162-D0953; T162-D0954; T162-D0955; T162-D0956; T162-D0957; T162-D0958; T162-D0959; T162-D0960; T162-D0961; T162-D0962; T162-D0963; T162-D0964; T162-D0965; T162-D0966; T162-D0967; T162-D0968; T162-D0969; T162-D0970; T162-D0971; T162-D0972; T162-D0973; T162-D0974; T162-D0975; T162-D0976; T162-D0977; T162-D0978; T162-D0979; T162-D0980; T162-D0981; T162-D0982; T162-D0983; T162-D0984; T162-D0985; T162-D0986; T162-D0987; T162-D0988; T162-D0989; T162-D0990; T162-D0991; T162-D0992; T162-D0993; T162-D0994; T162-D0995; T162-D0996; T162-D0997; T162-D0998; T162-D0999; T162-D1000; T162-D1001; T162-D1002; T162-D1003; T162-D1004; T162-D1005; T162-D1006; T162-D1007; T162-D1008; T162-D1009; T162-D1010; T162-D1011; T162-D1012; T162-D1013; T162-D1014; T162-D1015; T162-D1016; T162-D1017; T162-D1018; T162-D1019; T162-D1020; T162-D1021; T162-D1022; T162-D1023; T162-D1024; T162-D1025; T162-D1026; T162-D1027; T162-D1028; T162-D1029; T162-D1030; T162-D1031; T162-D1032; T162-D1033; T162-D1034; T162-D1035; T162-D1036; T162-D1037; T162-D1038; T162-D1039; T162-D1040; T162-D1041; T162-D1042; T162-D1043; T162-D1044; T162-D1045; T162-D1046; T162-D1047; T162-D1048; T162-D1049; T162-D1050; T162-D1051; T162-D1052; T162-D1053; T162-D1054; T162-D1055; T162-D1056; T162-D1057; T162-D1058; T162-D1059; T162-D1060; T162-D1061; T162-D1062; T162-D1063; T162-D1064; T162-D1065; T162-D1066; T162-D1067; T162-D1068; T162-D1069; T162-D1070; T162-D1071; T162-D1072; T162-D1073; T162-D1074; T162-D1075; T162-D1076; T162-D1077; T162-D1078; T162-D1079; T162-D1080; T162-D1081; T162-D1082; T162-D1083; T162-D1084; T162-D1085; T162-D1086; T162-D1087; T162-D1088; T162-D1089; T162-D1090; T162-D1091; T162-D1092; T162-D1093; T162-D1094; T162-D1095; T162-D1096; T162-D1097; T162-D1098; T162-D1099; T162-D1100; T162-D1101; T162-D1102; T162-D1103; T162-D1104; T162-D1105; T162-D1106; T162-D1107; T162-D1108; T162-D1109; T162-D1110; T162-D1111; T162-D1112; T162-D1113; T162-D1114; T162-D1115; T162-D1116; T162-D1117; T162-D1118; T162-D1119; T162-D1120; T162-D1121; T162-D1122; T162-D1123; T162-D1124; T162-D1125; T162-D1126; T162-D1127; T162-D1128; T162-D1129; T162-D1130; T162-D1131; T162-D1132; T162-D1133; T162-D1134; T162-D1135; T162-D1136; T162-D1137; T162-D1138; T162-D1139; T162-D1140; T162-D1141; T162-D1142; T162-D1143; T162-D1144; T162-D1145; T162-D1146; T162-D1147; T162-D1148; T162-D1149; T162-D1150; T162-D1151; T162-D1152; T162-D1153; T162-D1154; T162-D1155; T162-D1156; T162-D1157; T162-D1158; T162-D1159; T162-D1160; T162-D1161; T162-D1162; T162-D1163; T162-D1164; T162-D1165; T162-D1166; T162-D1167; T162-D1168; T162-D1169; T162-D1170; T162-D1171; T162-D1172; T162-D1173; T162-D1174; T162-D1175; T162-D1176; T162-D1177; T162-D1178; T162-D1179; T162-D1180; T162-D1181; T162-D1182; T162-D1183; T162-D1184; T162-D1185; T162-D1186; T162-D1187; T162-D1188; T162-D1189; T162-D1190; T162-D1191; T162-D1192; T162-D1193; T162-D1194; T162-D1195; T162-D1196; T162-D1197; T162-D1198; T162-D1199; T162-D1200; T162-D1201; T162-D1202; T162-D1203; T162-D1204; T162-D1205; T162-D1206; T162-D1207; T162-D1208; T162-D1209; T162-D1210; T162-D1211; T162-D1212; T162-D1213; T162-D1214; T162-D1215; T162-D1216; T162-D1217; T162-D1218; T162-D1219; T162-D1220; T162-D1221; T162-D1222; T162-D1223; T162-D1224; T162-D1225; T162-D1226; T162-D1227; T162-D1228; T162-D1229; T162-D1230; T162-D1231; T162-D1232; T162-D1233; T162-D1234; T162-D1235; T162-D1236; T162-D1237; T162-D1238; T162-D1239; T162-D1240; T162-D1241; T162-D1242; T162-D1243; T162-D1244; T162-D1245; T162-D1246; T162-D1247; T162-D1248; T162-D1249; T162-D1250; T162-D1251; T162-D1252; T162-D1253; T162-D1254; T162-D1255; T162-D1256; T162-D1257; T162-D1258; T162-D1259; T162-D1260; T162-D1261; T162-D1262; T162-D1263; T162-D1264; T162-D1265; T162-D1266; T162-D1267; T162-D1268; T162-D1269; T162-D1270; T162-D1271; T162-D1272; T162-D1273; T162-D1274; T162-D1275; T162-D1276; T162-D1277; T162-D1278; T162-D1279; T162-D1280; T162-D1281; T162-D1282; T162-D1283; T162-D1284; T162-D1285; T162-D1286; T162-D1287; T162-D1288; T162-D1289; T162-D1290; T162-D1291; T162-D1292; T162-D1293; T162-D1294; T162-D1295; T162-D1296; T162-D1297; T162-D1298; T162-D1299; T162-D1300; T162-D1301; T162-D1302; T162-D1303; T162-D1304; T162-D1305; T162-D1306; T162-D1307; T162-D1308; T162-D1309; T162-D1310; T162-D1311; T162-D1312; T162-D1313; T162-D1314; T162-D1315; T162-D1316; T162-D1317; T162-D1318; T162-D1319; T162-D1320; T162-D1321; T162-D1322; T162-D1323; T162-D1324; T162-D1325; T162-D1326; T162-D1327; T162-D1328; T162-D1329; T162-D1330; T162-D1331; T162-D1332; T162-D1333; T162-D1334; T162-D1335; T162-D1336; T162-D1337; T162-D1338; T162-D1339; T162-D1340; T162-D1341; T162-D1342; T162-D1343; T162-D1344; T162-D1345; T162-D1346; T162-D1347; T162-D1348; T162-D1349; T162-D1350; T162-D1351; T162-D1352; T162-D1353; T162-D1354; T162-D1355; T162-D1356; T162-D1357; T162-D1358; T162-D1359; T162-D1360; T162-D1361; T162-D1362; T162-D1363; T162-D1364; T162-D1365; T162-D1366; T162-D1367; T162-D1368; T162-D1369; T162-D1370; T162-D1371; T162-D1372; T162-D1373; T162-D1374; T162-D1375; T162-D1376; T162-D1377; T162-D1378; T162-D1379; T162-D1380; T162-D1381; T162-D1382; T162-D1383; T162-D1384; T162-D1385; T162-D1386; T162-D1387; T162-D1388; T162-D1389; T162-D1390; T162-D1391; T162-D1392; T162-D1393; T162-D1394; T162-D1395; T162-D1396; T162-D1397; T162-D1398; T162-D1399; T162-D1400; T162-D1401; T162-D1402; T162-D1403; T162-D1404; T162-D1405; T162-D1406; T162-D1407; T162-D1408; T162-D1409; T162-D1410; T162-D1411; T162-D1412; T162-D1413; T162-D1414; T162-D1415; T162-D1416; T162-D1417; T162-D1418; T162-D1419; T162-D1420; T162-D1421; T162-D1422; T162-D1423; T162-D1424; T162-D1425; T162-D1426; T162-D1427; T162-D1428,1248,Legumes,Bird and Mammal; all sizes/effect windows where scientifically applicable,All bird and mammal Table 162 rows in this crop family; receptor-specific relevance is explained in the consideration,FIELD_EVIDENCE,"A Brazil dry-bean field study observed no seed consumption over about one week, while bait/spill studies show that some larger birds can take many pea or soybean seeds.",CONTEXT_ONLY,DIRECT_EMPIRICAL,0 observed consumption in monitored bean fields; up to 119 pea seeds/visit and 54 soybean seeds/visit in high-density stations/spills,MAIN; TABLES,MAIN-P000515; MAIN-P000517; MAIN-P000519,TRACEABLE_WITH_QUALIFICATION,"Treatment identity, geography, bait/spill density and study design limit direct applicability.","Refines exposure likelihood, biological plausibility, applicability or confidence; weight must be assigned in peer review.",TRC-001; CAL-004; CON-004; CON-005; CLR-003; PH-00021,EVIDENCE
T162-C0100,T162-D0181; T162-D0182; T162-D0183; T162-D0184; T162-D0185; T162-D0186; T162-D0193; T162-D0194; T162-D0195; T162-D0196; T162-D0197; T162-D0198; T162-D0205; T162-D0206; T162-D0207; T162-D0208; T162-D0209; T162-D0210; T162-D0217; T162-D0218; T162-D0219; T162-D0220; T162-D0221; T162-D0222; T162-D0229; T162-D0230; T162-D0231; T162-D0232; T162-D0233; T162-D0234; T162-D0241; T162-D0242; T162-D0243; T162-D0244; T162-D0245; T162-D0246; T162-D0253; T162-D0254; T162-D0255; T162-D0256; T162-D0257; T162-D0258; T162-D0265; T162-D0266; T162-D0267; T162-D0268; T162-D0269; T162-D0270; T162-D0277; T162-D0278; T162-D0279; T162-D0280; T162-D0281; T162-D0282; T162-D0289; T162-D0290; T162-D0291; T162-D0292; T162-D0293; T162-D0294; T162-D0301; T162-D0302; T162-D0303; T162-D0304; T162-D0305; T162-D0306; T162-D0313; T162-D0314; T162-D0315; T162-D0316; T162-D0317; T162-D0318; T162-D0325; T162-D0326; T162-D0327; T162-D0328; T162-D0329; T162-D0330; T162-D0337; T162-D0338; T162-D0339; T162-D0340; T162-D0341; T162-D0342; T162-D0349; T162-D0350; T162-D0351; T162-D0352; T162-D0353; T162-D0354; T162-D0361; T162-D0362; T162-D0363; T162-D0364; T162-D0365; T162-D0366; T162-D0373; T162-D0374; T162-D0375; T162-D0376; T162-D0377; T162-D0378; T162-D0385; T162-D0386; T162-D0387; T162-D0388; T162-D0389; T162-D0390; T162-D0397; T162-D0398; T162-D0399; T162-D0400; T162-D0401; T162-D0402; T162-D0409; T162-D0410; T162-D0411; T162-D0412; T162-D0413; T162-D0414; T162-D0421; T162-D0422; T162-D0423; T162-D0424; T162-D0425; T162-D0426; T162-D0433; T162-D0434; T162-D0435; T162-D0436; T162-D0437; T162-D0438; T162-D0445; T162-D0446; T162-D0447; T162-D0448; T162-D0449; T162-D0450; T162-D0457; T162-D0458; T162-D0459; T162-D0460; T162-D0461; T162-D0462; T162-D0469; T162-D0470; T162-D0471; T162-D0472; T162-D0473; T162-D0474; T162-D0481; T162-D0482; T162-D0483; T162-D0484; T162-D0485; T162-D0486; T162-D0493; T162-D0494; T162-D0495; T162-D0496; T162-D0497; T162-D0498; T162-D0505; T162-D0506; T162-D0507; T162-D0508; T162-D0509; T162-D0510; T162-D0517; T162-D0518; T162-D0519; T162-D0520; T162-D0521; T162-D0522; T162-D0529; T162-D0530; T162-D0531; T162-D0532; T162-D0533; T162-D0534; T162-D0541; T162-D0542; T162-D0543; T162-D0544; T162-D0545; T162-D0546; T162-D0553; T162-D0554; T162-D0555; T162-D0556; T162-D0557; T162-D0558; T162-D0565; T162-D0566; T162-D0567; T162-D0568; T162-D0569; T162-D0570; T162-D0577; T162-D0578; T162-D0579; T162-D0580; T162-D0581; T162-D0582; T162-D0589; T162-D0590; T162-D0591; T162-D0592; T162-D0593; T162-D0594; T162-D0601; T162-D0602; T162-D0603; T162-D0604; T162-D0605; T162-D0606; T162-D0613; T162-D0614; T162-D0615; T162-D0616; T162-D0617; T162-D0618; T162-D0625; T162-D0626; T162-D0627; T162-D0628; T162-D0629; T162-D0630; T162-D0637; T162-D0638; T162-D0639; T162-D0640; T162-D0641; T162-D0642; T162-D0649; T162-D0650; T162-D0651; T162-D0652; T162-D0653; T162-D0654; T162-D0661; T162-D0662; T162-D0663; T162-D0664; T162-D0665; T162-D0666; T162-D0673; T162-D0674; T162-D0675; T162-D0676; T162-D0677; T162-D0678; T162-D0685; T162-D0686; T162-D0687; T162-D0688; T162-D0689; T162-D0690; T162-D0697; T162-D0698; T162-D0699; T162-D0700; T162-D0701; T162-D0702; T162-D0709; T162-D0710; T162-D0711; T162-D0712; T162-D0713; T162-D0714; T162-D0721; T162-D0722; T162-D0723; T162-D0724; T162-D0725; T162-D0726; T162-D0733; T162-D0734; T162-D0735; T162-D0736; T162-D0737; T162-D0738; T162-D0745; T162-D0746; T162-D0747; T162-D0748; T162-D0749; T162-D0750; T162-D0757; T162-D0758; T162-D0759; T162-D0760; T162-D0761; T162-D0762; T162-D0769; T162-D0770; T162-D0771; T162-D0772; T162-D0773; T162-D0774; T162-D0781; T162-D0782; T162-D0783; T162-D0784; T162-D0785; T162-D0786; T162-D0793; T162-D0794; T162-D0795; T162-D0796; T162-D0797; T162-D0798; T162-D0805; T162-D0806; T162-D0807; T162-D0808; T162-D0809; T162-D0810; T162-D0817; T162-D0818; T162-D0819; T162-D0820; T162-D0821; T162-D0822; T162-D0829; T162-D0830; T162-D0831; T162-D0832; T162-D0833; T162-D0834; T162-D0841; T162-D0842; T162-D0843; T162-D0844; T162-D0845; T162-D0846; T162-D0853; T162-D0854; T162-D0855; T162-D0856; T162-D0857; T162-D0858; T162-D0865; T162-D0866; T162-D0867; T162-D0868; T162-D0869; T162-D0870; T162-D0877; T162-D0878; T162-D0879; T162-D0880; T162-D0881; T162-D0882; T162-D0889; T162-D0890; T162-D0891; T162-D0892; T162-D0893; T162-D0894; T162-D0901; T162-D0902; T162-D0903; T162-D0904; T162-D0905; T162-D0906; T162-D0913; T162-D0914; T162-D0915; T162-D0916; T162-D0917; T162-D0918; T162-D0925; T162-D0926; T162-D0927; T162-D0928; T162-D0929; T162-D0930; T162-D0937; T162-D0938; T162-D0939; T162-D0940; T162-D0941; T162-D0942; T162-D0949; T162-D0950; T162-D0951; T162-D0952; T162-D0953; T162-D0954; T162-D0961; T162-D0962; T162-D0963; T162-D0964; T162-D0965; T162-D0966; T162-D0973; T162-D0974; T162-D0975; T162-D0976; T162-D0977; T162-D0978; T162-D0985; T162-D0986; T162-D0987; T162-D0988; T162-D0989; T162-D0990; T162-D0997; T162-D0998; T162-D0999; T162-D1000; T162-D1001; T162-D1002; T162-D1009; T162-D1010; T162-D1011; T162-D1012; T162-D1013; T162-D1014; T162-D1021; T162-D1022; T162-D1023; T162-D1024; T162-D1025; T162-D1026; T162-D1033; T162-D1034; T162-D1035; T162-D1036; T162-D1037; T162-D1038; T162-D1045; T162-D1046; T162-D1047; T162-D1048; T162-D1049; T162-D1050; T162-D1057; T162-D1058; T162-D1059; T162-D1060; T162-D1061; T162-D1062; T162-D1069; T162-D1070; T162-D1071; T162-D1072; T162-D1073; T162-D1074; T162-D1081; T162-D1082; T162-D1083; T162-D1084; T162-D1085; T162-D1086; T162-D1093; T162-D1094; T162-D1095; T162-D1096; T162-D1097; T162-D1098; T162-D1105; T162-D1106; T162-D1107; T162-D1108; T162-D1109; T162-D1110; T162-D1117; T162-D1118; T162-D1119; T162-D1120; T162-D1121; T162-D1122; T162-D1129; T162-D1130; T162-D1131; T162-D1132; T162-D1133; T162-D1134; T162-D1141; T162-D1142; T162-D1143; T162-D1144; T162-D1145; T162-D1146; T162-D1153; T162-D1154; T162-D1155; T162-D1156; T162-D1157; T162-D1158; T162-D1165; T162-D1166; T162-D1167; T162-D1168; T162-D1169; T162-D1170; T162-D1177; T162-D1178; T162-D1179; T162-D1180; T162-D1181; T162-D1182; T162-D1189; T162-D1190; T162-D1191; T162-D1192; T162-D1193; T162-D1194; T162-D1201; T162-D1202; T162-D1203; T162-D1204; T162-D1205; T162-D1206; T162-D1213; T162-D1214; T162-D1215; T162-D1216; T162-D1217; T162-D1218; T162-D1225; T162-D1226; T162-D1227; T162-D1228; T162-D1229; T162-D1230; T162-D1237; T162-D1238; T162-D1239; T162-D1240; T162-D1241; T162-D1242; T162-D1249; T162-D1250; T162-D1251; T162-D1252; T162-D1253; T162-D1254; T162-D1261; T162-D1262; T162-D1263; T162-D1264; T162-D1265; T162-D1266; T162-D1273; T162-D1274; T162-D1275; T162-D1276; T162-D1277; T162-D1278; T162-D1285; T162-D1286; T162-D1287; T162-D1288; T162-D1289; T162-D1290; T162-D1297; T162-D1298; T162-D1299; T162-D1300; T162-D1301; T162-D1302; T162-D1309; T162-D1310; T162-D1311; T162-D1312; T162-D1313; T162-D1314; T162-D1321; T162-D1322; T162-D1323; T162-D1324; T162-D1325; T162-D1326; T162-D1333; T162-D1334; T162-D1335; T162-D1336; T162-D1337; T162-D1338; T162-D1345; T162-D1346; T162-D1347; T162-D1348; T162-D1349; T162-D1350; T162-D1357; T162-D1358; T162-D1359; T162-D1360; T162-D1361; T162-D1362; T162-D1369; T162-D1370; T162-D1371; T162-D1372; T162-D1373; T162-D1374; T162-D1381; T162-D1382; T162-D1383; T162-D1384; T162-D1385; T162-D1386; T162-D1393; T162-D1394; T162-D1395; T162-D1396; T162-D1397; T162-D1398; T162-D1405; T162-D1406; T162-D1407; T162-D1408; T162-D1409; T162-D1410; T162-D1417; T162-D1418; T162-D1419; T162-D1420; T162-D1421; T162-D1422,624,Legumes,Bird; all sizes/effect windows where scientifically applicable,All bird Table 162 rows in this crop family; receptor-specific relevance is explained in the consideration,SEED_ACCESSIBILITY,"Standard drills can yield more than 100% diet within the MSA for some legume/receptor combinations, whereas precision planting generally limits surface availability.",INCREASES_CONCERN,DIRECT_QUANTITATIVE,>100% possible under standard drill; <100% under precision,MAIN; TABLES,MAIN-P000536; TABLES:Tables 32-34,TRACEABLE_WITH_QUALIFICATION,"Crop-specific seed size, drilling depth and actual surface-seed loss remain variable.","Refines exposure likelihood, biological plausibility, applicability or confidence; weight must be assigned in peer review.",TRC-001; CAL-004; CON-004; CON-005; CLR-003; PH-00021,EVIDENCE
T162-C0101,T162-D0181; T162-D0182; T162-D0183; T162-D0184; T162-D0185; T162-D0186; T162-D0193; T162-D0194; T162-D0195; T162-D0196; T162-D0197; T162-D0198; T162-D0205; T162-D0206; T162-D0207; T162-D0208; T162-D0209; T162-D0210; T162-D0217; T162-D0218; T162-D0219; T162-D0220; T162-D0221; T162-D0222; T162-D0229; T162-D0230; T162-D0231; T162-D0232; T162-D0233; T162-D0234; T162-D0241; T162-D0242; T162-D0243; T162-D0244; T162-D0245; T162-D0246; T162-D0253; T162-D0254; T162-D0255; T162-D0256; T162-D0257; T162-D0258; T162-D0265; T162-D0266; T162-D0267; T162-D0268; T162-D0269; T162-D0270; T162-D0277; T162-D0278; T162-D0279; T162-D0280; T162-D0281; T162-D0282; T162-D0289; T162-D0290; T162-D0291; T162-D0292; T162-D0293; T162-D0294; T162-D0301; T162-D0302; T162-D0303; T162-D0304; T162-D0305; T162-D0306; T162-D0313; T162-D0314; T162-D0315; T162-D0316; T162-D0317; T162-D0318; T162-D0325; T162-D0326; T162-D0327; T162-D0328; T162-D0329; T162-D0330; T162-D0337; T162-D0338; T162-D0339; T162-D0340; T162-D0341; T162-D0342; T162-D0349; T162-D0350; T162-D0351; T162-D0352; T162-D0353; T162-D0354; T162-D0361; T162-D0362; T162-D0363; T162-D0364; T162-D0365; T162-D0366; T162-D0373; T162-D0374; T162-D0375; T162-D0376; T162-D0377; T162-D0378; T162-D0385; T162-D0386; T162-D0387; T162-D0388; T162-D0389; T162-D0390; T162-D0397; T162-D0398; T162-D0399; T162-D0400; T162-D0401; T162-D0402; T162-D0409; T162-D0410; T162-D0411; T162-D0412; T162-D0413; T162-D0414; T162-D0421; T162-D0422; T162-D0423; T162-D0424; T162-D0425; T162-D0426; T162-D0433; T162-D0434; T162-D0435; T162-D0436; T162-D0437; T162-D0438; T162-D0445; T162-D0446; T162-D0447; T162-D0448; T162-D0449; T162-D0450; T162-D0457; T162-D0458; T162-D0459; T162-D0460; T162-D0461; T162-D0462; T162-D0469; T162-D0470; T162-D0471; T162-D0472; T162-D0473; T162-D0474; T162-D0481; T162-D0482; T162-D0483; T162-D0484; T162-D0485; T162-D0486; T162-D0493; T162-D0494; T162-D0495; T162-D0496; T162-D0497; T162-D0498; T162-D0505; T162-D0506; T162-D0507; T162-D0508; T162-D0509; T162-D0510; T162-D0517; T162-D0518; T162-D0519; T162-D0520; T162-D0521; T162-D0522; T162-D0529; T162-D0530; T162-D0531; T162-D0532; T162-D0533; T162-D0534; T162-D0541; T162-D0542; T162-D0543; T162-D0544; T162-D0545; T162-D0546; T162-D0553; T162-D0554; T162-D0555; T162-D0556; T162-D0557; T162-D0558; T162-D0565; T162-D0566; T162-D0567; T162-D0568; T162-D0569; T162-D0570; T162-D0577; T162-D0578; T162-D0579; T162-D0580; T162-D0581; T162-D0582; T162-D0589; T162-D0590; T162-D0591; T162-D0592; T162-D0593; T162-D0594; T162-D0601; T162-D0602; T162-D0603; T162-D0604; T162-D0605; T162-D0606; T162-D0613; T162-D0614; T162-D0615; T162-D0616; T162-D0617; T162-D0618; T162-D0625; T162-D0626; T162-D0627; T162-D0628; T162-D0629; T162-D0630; T162-D0637; T162-D0638; T162-D0639; T162-D0640; T162-D0641; T162-D0642; T162-D0649; T162-D0650; T162-D0651; T162-D0652; T162-D0653; T162-D0654; T162-D0661; T162-D0662; T162-D0663; T162-D0664; T162-D0665; T162-D0666; T162-D0673; T162-D0674; T162-D0675; T162-D0676; T162-D0677; T162-D0678; T162-D0685; T162-D0686; T162-D0687; T162-D0688; T162-D0689; T162-D0690; T162-D0697; T162-D0698; T162-D0699; T162-D0700; T162-D0701; T162-D0702; T162-D0709; T162-D0710; T162-D0711; T162-D0712; T162-D0713; T162-D0714; T162-D0721; T162-D0722; T162-D0723; T162-D0724; T162-D0725; T162-D0726; T162-D0733; T162-D0734; T162-D0735; T162-D0736; T162-D0737; T162-D0738; T162-D0745; T162-D0746; T162-D0747; T162-D0748; T162-D0749; T162-D0750; T162-D0757; T162-D0758; T162-D0759; T162-D0760; T162-D0761; T162-D0762; T162-D0769; T162-D0770; T162-D0771; T162-D0772; T162-D0773; T162-D0774; T162-D0781; T162-D0782; T162-D0783; T162-D0784; T162-D0785; T162-D0786; T162-D0793; T162-D0794; T162-D0795; T162-D0796; T162-D0797; T162-D0798; T162-D0805; T162-D0806; T162-D0807; T162-D0808; T162-D0809; T162-D0810; T162-D0817; T162-D0818; T162-D0819; T162-D0820; T162-D0821; T162-D0822; T162-D0829; T162-D0830; T162-D0831; T162-D0832; T162-D0833; T162-D0834; T162-D0841; T162-D0842; T162-D0843; T162-D0844; T162-D0845; T162-D0846; T162-D0853; T162-D0854; T162-D0855; T162-D0856; T162-D0857; T162-D0858; T162-D0865; T162-D0866; T162-D0867; T162-D0868; T162-D0869; T162-D0870; T162-D0877; T162-D0878; T162-D0879; T162-D0880; T162-D0881; T162-D0882; T162-D0889; T162-D0890; T162-D0891; T162-D0892; T162-D0893; T162-D0894; T162-D0901; T162-D0902; T162-D0903; T162-D0904; T162-D0905; T162-D0906; T162-D0913; T162-D0914; T162-D0915; T162-D0916; T162-D0917; T162-D0918; T162-D0925; T162-D0926; T162-D0927; T162-D0928; T162-D0929; T162-D0930; T162-D0937; T162-D0938; T162-D0939; T162-D0940; T162-D0941; T162-D0942; T162-D0949; T162-D0950; T162-D0951; T162-D0952; T162-D0953; T162-D0954; T162-D0961; T162-D0962; T162-D0963; T162-D0964; T162-D0965; T162-D0966; T162-D0973; T162-D0974; T162-D0975; T162-D0976; T162-D0977; T162-D0978; T162-D0985; T162-D0986; T162-D0987; T162-D0988; T162-D0989; T162-D0990; T162-D0997; T162-D0998; T162-D0999; T162-D1000; T162-D1001; T162-D1002; T162-D1009; T162-D1010; T162-D1011; T162-D1012; T162-D1013; T162-D1014; T162-D1021; T162-D1022; T162-D1023; T162-D1024; T162-D1025; T162-D1026; T162-D1033; T162-D1034; T162-D1035; T162-D1036; T162-D1037; T162-D1038; T162-D1045; T162-D1046; T162-D1047; T162-D1048; T162-D1049; T162-D1050; T162-D1057; T162-D1058; T162-D1059; T162-D1060; T162-D1061; T162-D1062; T162-D1069; T162-D1070; T162-D1071; T162-D1072; T162-D1073; T162-D1074; T162-D1081; T162-D1082; T162-D1083; T162-D1084; T162-D1085; T162-D1086; T162-D1093; T162-D1094; T162-D1095; T162-D1096; T162-D1097; T162-D1098; T162-D1105; T162-D1106; T162-D1107; T162-D1108; T162-D1109; T162-D1110; T162-D1117; T162-D1118; T162-D1119; T162-D1120; T162-D1121; T162-D1122; T162-D1129; T162-D1130; T162-D1131; T162-D1132; T162-D1133; T162-D1134; T162-D1141; T162-D1142; T162-D1143; T162-D1144; T162-D1145; T162-D1146; T162-D1153; T162-D1154; T162-D1155; T162-D1156; T162-D1157; T162-D1158; T162-D1165; T162-D1166; T162-D1167; T162-D1168; T162-D1169; T162-D1170; T162-D1177; T162-D1178; T162-D1179; T162-D1180; T162-D1181; T162-D1182; T162-D1189; T162-D1190; T162-D1191; T162-D1192; T162-D1193; T162-D1194; T162-D1201; T162-D1202; T162-D1203; T162-D1204; T162-D1205; T162-D1206; T162-D1213; T162-D1214; T162-D1215; T162-D1216; T162-D1217; T162-D1218; T162-D1225; T162-D1226; T162-D1227; T162-D1228; T162-D1229; T162-D1230; T162-D1237; T162-D1238; T162-D1239; T162-D1240; T162-D1241; T162-D1242; T162-D1249; T162-D1250; T162-D1251; T162-D1252; T162-D1253; T162-D1254; T162-D1261; T162-D1262; T162-D1263; T162-D1264; T162-D1265; T162-D1266; T162-D1273; T162-D1274; T162-D1275; T162-D1276; T162-D1277; T162-D1278; T162-D1285; T162-D1286; T162-D1287; T162-D1288; T162-D1289; T162-D1290; T162-D1297; T162-D1298; T162-D1299; T162-D1300; T162-D1301; T162-D1302; T162-D1309; T162-D1310; T162-D1311; T162-D1312; T162-D1313; T162-D1314; T162-D1321; T162-D1322; T162-D1323; T162-D1324; T162-D1325; T162-D1326; T162-D1333; T162-D1334; T162-D1335; T162-D1336; T162-D1337; T162-D1338; T162-D1345; T162-D1346; T162-D1347; T162-D1348; T162-D1349; T162-D1350; T162-D1357; T162-D1358; T162-D1359; T162-D1360; T162-D1361; T162-D1362; T162-D1369; T162-D1370; T162-D1371; T162-D1372; T162-D1373; T162-D1374; T162-D1381; T162-D1382; T162-D1383; T162-D1384; T162-D1385; T162-D1386; T162-D1393; T162-D1394; T162-D1395; T162-D1396; T162-D1397; T162-D1398; T162-D1405; T162-D1406; T162-D1407; T162-D1408; T162-D1409; T162-D1410; T162-D1417; T162-D1418; T162-D1419; T162-D1420; T162-D1421; T162-D1422,624,Legumes,Bird; all sizes/effect windows where scientifically applicable,All bird Table 162 rows in this crop family; receptor-specific relevance is explained in the consideration,UNCERTAINTY_EXTRAPOLATION,"Dietary relevance, sensitivity of untested small passerines and the chronic exposure duration needed for reproductive effects are explicitly uncertain.",UNCERTAIN,UNCERTAIN,,MAIN; TABLES,MAIN-P000577,TRACEABLE_WITH_QUALIFICATION,These uncertainties cannot be converted mechanically to a yes/no position.,"Refines exposure likelihood, biological plausibility, applicability or confidence; weight must be assigned in peer review.",TRC-001; CAL-004; CON-004; CON-005; CLR-003; PH-00021,JUDGMENT
T162-C0102,T162-D0187; T162-D0188; T162-D0189; T162-D0190; T162-D0191; T162-D0192; T162-D0199; T162-D0200; T162-D0201; T162-D0202; T162-D0203; T162-D0204; T162-D0211; T162-D0212; T162-D0213; T162-D0214; T162-D0215; T162-D0216; T162-D0223; T162-D0224; T162-D0225; T162-D0226; T162-D0227; T162-D0228; T162-D0235; T162-D0236; T162-D0237; T162-D0238; T162-D0239; T162-D0240; T162-D0247; T162-D0248; T162-D0249; T162-D0250; T162-D0251; T162-D0252; T162-D0259; T162-D0260; T162-D0261; T162-D0262; T162-D0263; T162-D0264; T162-D0271; T162-D0272; T162-D0273; T162-D0274; T162-D0275; T162-D0276; T162-D0283; T162-D0284; T162-D0285; T162-D0286; T162-D0287; T162-D0288; T162-D0295; T162-D0296; T162-D0297; T162-D0298; T162-D0299; T162-D0300; T162-D0307; T162-D0308; T162-D0309; T162-D0310; T162-D0311; T162-D0312; T162-D0319; T162-D0320; T162-D0321; T162-D0322; T162-D0323; T162-D0324; T162-D0331; T162-D0332; T162-D0333; T162-D0334; T162-D0335; T162-D0336; T162-D0343; T162-D0344; T162-D0345; T162-D0346; T162-D0347; T162-D0348; T162-D0355; T162-D0356; T162-D0357; T162-D0358; T162-D0359; T162-D0360; T162-D0367; T162-D0368; T162-D0369; T162-D0370; T162-D0371; T162-D0372; T162-D0379; T162-D0380; T162-D0381; T162-D0382; T162-D0383; T162-D0384; T162-D0391; T162-D0392; T162-D0393; T162-D0394; T162-D0395; T162-D0396; T162-D0403; T162-D0404; T162-D0405; T162-D0406; T162-D0407; T162-D0408; T162-D0415; T162-D0416; T162-D0417; T162-D0418; T162-D0419; T162-D0420; T162-D0427; T162-D0428; T162-D0429; T162-D0430; T162-D0431; T162-D0432; T162-D0439; T162-D0440; T162-D0441; T162-D0442; T162-D0443; T162-D0444; T162-D0451; T162-D0452; T162-D0453; T162-D0454; T162-D0455; T162-D0456; T162-D0463; T162-D0464; T162-D0465; T162-D0466; T162-D0467; T162-D0468; T162-D0475; T162-D0476; T162-D0477; T162-D0478; T162-D0479; T162-D0480; T162-D0487; T162-D0488; T162-D0489; T162-D0490; T162-D0491; T162-D0492; T162-D0499; T162-D0500; T162-D0501; T162-D0502; T162-D0503; T162-D0504; T162-D0511; T162-D0512; T162-D0513; T162-D0514; T162-D0515; T162-D0516; T162-D0523; T162-D0524; T162-D0525; T162-D0526; T162-D0527; T162-D0528; T162-D0535; T162-D0536; T162-D0537; T162-D0538; T162-D0539; T162-D0540; T162-D0547; T162-D0548; T162-D0549; T162-D0550; T162-D0551; T162-D0552; T162-D0559; T162-D0560; T162-D0561; T162-D0562; T162-D0563; T162-D0564; T162-D0571; T162-D0572; T162-D0573; T162-D0574; T162-D0575; T162-D0576; T162-D0583; T162-D0584; T162-D0585; T162-D0586; T162-D0587; T162-D0588; T162-D0595; T162-D0596; T162-D0597; T162-D0598; T162-D0599; T162-D0600; T162-D0607; T162-D0608; T162-D0609; T162-D0610; T162-D0611; T162-D0612; T162-D0619; T162-D0620; T162-D0621; T162-D0622; T162-D0623; T162-D0624; T162-D0631; T162-D0632; T162-D0633; T162-D0634; T162-D0635; T162-D0636; T162-D0643; T162-D0644; T162-D0645; T162-D0646; T162-D0647; T162-D0648; T162-D0655; T162-D0656; T162-D0657; T162-D0658; T162-D0659; T162-D0660; T162-D0667; T162-D0668; T162-D0669; T162-D0670; T162-D0671; T162-D0672; T162-D0679; T162-D0680; T162-D0681; T162-D0682; T162-D0683; T162-D0684; T162-D0691; T162-D0692; T162-D0693; T162-D0694; T162-D0695; T162-D0696; T162-D0703; T162-D0704; T162-D0705; T162-D0706; T162-D0707; T162-D0708; T162-D0715; T162-D0716; T162-D0717; T162-D0718; T162-D0719; T162-D0720; T162-D0727; T162-D0728; T162-D0729; T162-D0730; T162-D0731; T162-D0732; T162-D0739; T162-D0740; T162-D0741; T162-D0742; T162-D0743; T162-D0744; T162-D0751; T162-D0752; T162-D0753; T162-D0754; T162-D0755; T162-D0756; T162-D0763; T162-D0764; T162-D0765; T162-D0766; T162-D0767; T162-D0768; T162-D0775; T162-D0776; T162-D0777; T162-D0778; T162-D0779; T162-D0780; T162-D0787; T162-D0788; T162-D0789; T162-D0790; T162-D0791; T162-D0792; T162-D0799; T162-D0800; T162-D0801; T162-D0802; T162-D0803; T162-D0804; T162-D0811; T162-D0812; T162-D0813; T162-D0814; T162-D0815; T162-D0816; T162-D0823; T162-D0824; T162-D0825; T162-D0826; T162-D0827; T162-D0828; T162-D0835; T162-D0836; T162-D0837; T162-D0838; T162-D0839; T162-D0840; T162-D0847; T162-D0848; T162-D0849; T162-D0850; T162-D0851; T162-D0852; T162-D0859; T162-D0860; T162-D0861; T162-D0862; T162-D0863; T162-D0864; T162-D0871; T162-D0872; T162-D0873; T162-D0874; T162-D0875; T162-D0876; T162-D0883; T162-D0884; T162-D0885; T162-D0886; T162-D0887; T162-D0888; T162-D0895; T162-D0896; T162-D0897; T162-D0898; T162-D0899; T162-D0900; T162-D0907; T162-D0908; T162-D0909; T162-D0910; T162-D0911; T162-D0912; T162-D0919; T162-D0920; T162-D0921; T162-D0922; T162-D0923; T162-D0924; T162-D0931; T162-D0932; T162-D0933; T162-D0934; T162-D0935; T162-D0936; T162-D0943; T162-D0944; T162-D0945; T162-D0946; T162-D0947; T162-D0948; T162-D0955; T162-D0956; T162-D0957; T162-D0958; T162-D0959; T162-D0960; T162-D0967; T162-D0968; T162-D0969; T162-D0970; T162-D0971; T162-D0972; T162-D0979; T162-D0980; T162-D0981; T162-D0982; T162-D0983; T162-D0984; T162-D0991; T162-D0992; T162-D0993; T162-D0994; T162-D0995; T162-D0996; T162-D1003; T162-D1004; T162-D1005; T162-D1006; T162-D1007; T162-D1008; T162-D1015; T162-D1016; T162-D1017; T162-D1018; T162-D1019; T162-D1020; T162-D1027; T162-D1028; T162-D1029; T162-D1030; T162-D1031; T162-D1032; T162-D1039; T162-D1040; T162-D1041; T162-D1042; T162-D1043; T162-D1044; T162-D1051; T162-D1052; T162-D1053; T162-D1054; T162-D1055; T162-D1056; T162-D1063; T162-D1064; T162-D1065; T162-D1066; T162-D1067; T162-D1068; T162-D1075; T162-D1076; T162-D1077; T162-D1078; T162-D1079; T162-D1080; T162-D1087; T162-D1088; T162-D1089; T162-D1090; T162-D1091; T162-D1092; T162-D1099; T162-D1100; T162-D1101; T162-D1102; T162-D1103; T162-D1104; T162-D1111; T162-D1112; T162-D1113; T162-D1114; T162-D1115; T162-D1116; T162-D1123; T162-D1124; T162-D1125; T162-D1126; T162-D1127; T162-D1128; T162-D1135; T162-D1136; T162-D1137; T162-D1138; T162-D1139; T162-D1140; T162-D1147; T162-D1148; T162-D1149; T162-D1150; T162-D1151; T162-D1152; T162-D1159; T162-D1160; T162-D1161; T162-D1162; T162-D1163; T162-D1164; T162-D1171; T162-D1172; T162-D1173; T162-D1174; T162-D1175; T162-D1176; T162-D1183; T162-D1184; T162-D1185; T162-D1186; T162-D1187; T162-D1188; T162-D1195; T162-D1196; T162-D1197; T162-D1198; T162-D1199; T162-D1200; T162-D1207; T162-D1208; T162-D1209; T162-D1210; T162-D1211; T162-D1212; T162-D1219; T162-D1220; T162-D1221; T162-D1222; T162-D1223; T162-D1224; T162-D1231; T162-D1232; T162-D1233; T162-D1234; T162-D1235; T162-D1236; T162-D1243; T162-D1244; T162-D1245; T162-D1246; T162-D1247; T162-D1248; T162-D1255; T162-D1256; T162-D1257; T162-D1258; T162-D1259; T162-D1260; T162-D1267; T162-D1268; T162-D1269; T162-D1270; T162-D1271; T162-D1272; T162-D1279; T162-D1280; T162-D1281; T162-D1282; T162-D1283; T162-D1284; T162-D1291; T162-D1292; T162-D1293; T162-D1294; T162-D1295; T162-D1296; T162-D1303; T162-D1304; T162-D1305; T162-D1306; T162-D1307; T162-D1308; T162-D1315; T162-D1316; T162-D1317; T162-D1318; T162-D1319; T162-D1320; T162-D1327; T162-D1328; T162-D1329; T162-D1330; T162-D1331; T162-D1332; T162-D1339; T162-D1340; T162-D1341; T162-D1342; T162-D1343; T162-D1344; T162-D1351; T162-D1352; T162-D1353; T162-D1354; T162-D1355; T162-D1356; T162-D1363; T162-D1364; T162-D1365; T162-D1366; T162-D1367; T162-D1368; T162-D1375; T162-D1376; T162-D1377; T162-D1378; T162-D1379; T162-D1380; T162-D1387; T162-D1388; T162-D1389; T162-D1390; T162-D1391; T162-D1392; T162-D1399; T162-D1400; T162-D1401; T162-D1402; T162-D1403; T162-D1404; T162-D1411; T162-D1412; T162-D1413; T162-D1414; T162-D1415; T162-D1416; T162-D1423; T162-D1424; T162-D1425; T162-D1426; T162-D1427; T162-D1428,624,Legumes,Mammal; all sizes/effect windows where scientifically applicable,All mammal Table 162 rows in this crop family; receptor-specific relevance is explained in the consideration,DRAFT_COMPLETENESS,"The mammalian Legumes quantitative tables are populated, but the narrative sentence is unfinished and the risk-characterization section has no body text.",UNCERTAIN,UNCERTAIN,,MAIN; TABLES,MAIN-P001247; MAIN-P001249; PH-00021,TRACEABLE_WITH_QUALIFICATION,No current-draft interpretation is available to connect the reconciled outputs to Table 162.,"Refines exposure likelihood, biological plausibility, applicability or confidence; weight must be assigned in peer review.",TRC-001; CAL-004; CON-004; CON-005; CLR-003; PH-00021,JUDGMENT
T162-C0103,T162-D0001; T162-D0002; T162-D0003; T162-D0004; T162-D0005; T162-D0006; T162-D0013; T162-D0014; T162-D0015; T162-D0016; T162-D0017; T162-D0018; T162-D0025; T162-D0026; T162-D0027; T162-D0028; T162-D0029; T162-D0030; T162-D0037; T162-D0038; T162-D0039; T162-D0040; T162-D0041; T162-D0042; T162-D0049; T162-D0050; T162-D0051; T162-D0052; T162-D0053; T162-D0054; T162-D0061; T162-D0062; T162-D0063; T162-D0064; T162-D0065; T162-D0066; T162-D0073; T162-D0074; T162-D0075; T162-D0076; T162-D0077; T162-D0078; T162-D0085; T162-D0086; T162-D0087; T162-D0088; T162-D0089; T162-D0090; T162-D0097; T162-D0098; T162-D0099; T162-D0100; T162-D0101; T162-D0102,54,Small Cereals,Bird; all sizes/effect windows where scientifically applicable,All bird Table 162 rows in this crop family; receptor-specific relevance is explained in the consideration,EXPOSURE_LIKELIHOOD,"Surface-seed availability is method/season dependent: about 3.3% for spring drill, 9.2% for fall drill and 100% for broadcast in the modeled scenarios.",CONTEXT_ONLY,ASSUMPTION,3.3%; 9.2%; 100%,MAIN; TABLES,TABLES:Tables 21-23; MAIN-P000463,TRACEABLE_WITH_QUALIFICATION,Availability tables contain reporting/input-line inconsistencies documented in CAL-002.,"Refines exposure likelihood, biological plausibility, applicability or confidence; weight must be assigned in peer review.",TRC-001; CAL-002; CON-002,INTERPRETATION
T162-C0104,T162-D0001; T162-D0002; T162-D0003; T162-D0004; T162-D0005; T162-D0006; T162-D0007; T162-D0008; T162-D0009; T162-D0010; T162-D0011; T162-D0012; T162-D0013; T162-D0014; T162-D0015; T162-D0016; T162-D0017; T162-D0018; T162-D0019; T162-D0020; T162-D0021; T162-D0022; T162-D0023; T162-D0024; T162-D0025; T162-D0026; T162-D0027; T162-D0028; T162-D0029; T162-D0030; T162-D0031; T162-D0032; T162-D0033; T162-D0034; T162-D0035; T162-D0036; T162-D0037; T162-D0038; T162-D0039; T162-D0040; T162-D0041; T162-D0042; T162-D0043; T162-D0044; T162-D0045; T162-D0046; T162-D0047; T162-D0048; T162-D0049; T162-D0050; T162-D0051; T162-D0052; T162-D0053; T162-D0054; T162-D0055; T162-D0056; T162-D0057; T162-D0058; T162-D0059; T162-D0060; T162-D0061; T162-D0062; T162-D0063; T162-D0064; T162-D0065; T162-D0066; T162-D0067; T162-D0068; T162-D0069; T162-D0070; T162-D0071; T162-D0072; T162-D0073; T162-D0074; T162-D0075; T162-D0076; T162-D0077; T162-D0078; T162-D0079; T162-D0080; T162-D0081; T162-D0082; T162-D0083; T162-D0084; T162-D0085; T162-D0086; T162-D0087; T162-D0088; T162-D0089; T162-D0090; T162-D0091; T162-D0092; T162-D0093; T162-D0094; T162-D0095; T162-D0096; T162-D0097; T162-D0098; T162-D0099; T162-D0100; T162-D0101; T162-D0102; T162-D0103; T162-D0104; T162-D0105; T162-D0106; T162-D0107; T162-D0108,108,Small Cereals,Bird and Mammal; all sizes/effect windows where scientifically applicable,All bird and mammal Table 162 rows in this crop family; receptor-specific relevance is explained in the consideration,EXPOSURE_DURATION,"Surface seed and thiamethoxam residues are assumed to decline, so effect-metric duration rather than day-zero dose alone is a central refinement.",DECREASES_CONCERN,QUALITATIVE_SUPPORT,10-day residue DT50 framework; crop/method-specific seed disappearance,MAIN; TABLES,MAIN-H0036; TABLES:Tables 27-29,TRACEABLE_WITH_QUALIFICATION,"The assumed decline may not capture every crop, season or field condition.","Refines exposure likelihood, biological plausibility, applicability or confidence; weight must be assigned in peer review.",TRC-001; CAL-002; CON-002,INTERPRETATION
T162-C0105,T162-D0001; T162-D0002; T162-D0003; T162-D0004; T162-D0005; T162-D0006; T162-D0007; T162-D0008; T162-D0009; T162-D0010; T162-D0011; T162-D0012; T162-D0013; T162-D0014; T162-D0015; T162-D0016; T162-D0017; T162-D0018; T162-D0019; T162-D0020; T162-D0021; T162-D0022; T162-D0023; T162-D0024; T162-D0025; T162-D0026; T162-D0027; T162-D0028; T162-D0029; T162-D0030; T162-D0031; T162-D0032; T162-D0033; T162-D0034; T162-D0035; T162-D0036; T162-D0037; T162-D0038; T162-D0039; T162-D0040; T162-D0041; T162-D0042; T162-D0043; T162-D0044; T162-D0045; T162-D0046; T162-D0047; T162-D0048; T162-D0049; T162-D0050; T162-D0051; T162-D0052; T162-D0053; T162-D0054; T162-D0055; T162-D0056; T162-D0057; T162-D0058; T162-D0059; T162-D0060; T162-D0061; T162-D0062; T162-D0063; T162-D0064; T162-D0065; T162-D0066; T162-D0067; T162-D0068; T162-D0069; T162-D0070; T162-D0071; T162-D0072; T162-D0073; T162-D0074; T162-D0075; T162-D0076; T162-D0077; T162-D0078; T162-D0079; T162-D0080; T162-D0081; T162-D0082; T162-D0083; T162-D0084; T162-D0085; T162-D0086; T162-D0087; T162-D0088; T162-D0089; T162-D0090; T162-D0091; T162-D0092; T162-D0093; T162-D0094; T162-D0095; T162-D0096; T162-D0097; T162-D0098; T162-D0099; T162-D0100; T162-D0101; T162-D0102; T162-D0103; T162-D0104; T162-D0105; T162-D0106; T162-D0107; T162-D0108,108,Small Cereals,Bird and Mammal; all sizes/effect windows where scientifically applicable,All bird and mammal Table 162 rows in this crop family; receptor-specific relevance is explained in the consideration,DIETARY_PLAUSIBILITY,Assessment evidence supports substantial cereal consumption by some farmland birds and mammals but not necessarily 100% treated seed for the modeled duration.,DECREASES_CONCERN,QUALITATIVE_SUPPORT,"Field-mouse wheat diets mostly <25%, reported maximum about 40%",MAIN; TABLES,MAIN-P000434; MAIN-P001193; MAIN-P001219,TRACEABLE_WITH_QUALIFICATION,"Species, season, crop and treated-seed palatability vary; field evidence is limited.","Refines exposure likelihood, biological plausibility, applicability or confidence; weight must be assigned in peer review.",TRC-001; CAL-002; CON-002,INTERPRETATION
T162-C0106,T162-D0001; T162-D0002; T162-D0003; T162-D0004; T162-D0005; T162-D0006; T162-D0007; T162-D0008; T162-D0009; T162-D0010; T162-D0011; T162-D0012; T162-D0013; T162-D0014; T162-D0015; T162-D0016; T162-D0017; T162-D0018; T162-D0019; T162-D0020; T162-D0021; T162-D0022; T162-D0023; T162-D0024; T162-D0025; T162-D0026; T162-D0027; T162-D0028; T162-D0029; T162-D0030; T162-D0031; T162-D0032; T162-D0033; T162-D0034; T162-D0035; T162-D0036; T162-D0037; T162-D0038; T162-D0039; T162-D0040; T162-D0041; T162-D0042; T162-D0043; T162-D0044; T162-D0045; T162-D0046; T162-D0047; T162-D0048; T162-D0049; T162-D0050; T162-D0051; T162-D0052; T162-D0053; T162-D0054; T162-D0055; T162-D0056; T162-D0057; T162-D0058; T162-D0059; T162-D0060; T162-D0061; T162-D0062; T162-D0063; T162-D0064; T162-D0065; T162-D0066; T162-D0067; T162-D0068; T162-D0069; T162-D0070; T162-D0071; T162-D0072; T162-D0073; T162-D0074; T162-D0075; T162-D0076; T162-D0077; T162-D0078; T162-D0079; T162-D0080; T162-D0081; T162-D0082; T162-D0083; T162-D0084; T162-D0085; T162-D0086; T162-D0087; T162-D0088; T162-D0089; T162-D0090; T162-D0091; T162-D0092; T162-D0093; T162-D0094; T162-D0095; T162-D0096; T162-D0097; T162-D0098; T162-D0099; T162-D0100; T162-D0101; T162-D0102; T162-D0103; T162-D0104; T162-D0105; T162-D0106; T162-D0107; T162-D0108,108,Small Cereals,Bird and Mammal; all sizes/effect windows where scientifically applicable,All bird and mammal Table 162 rows in this crop family; receptor-specific relevance is explained in the consideration,UNCERTAINTY_EXTRAPOLATION,"Grouped Small Cereals conclusions span crops, seed sizes, regions and planting practices not all represented equally in the quantitative extrema.",UNCERTAIN,EXTRAPOLATED,,MAIN; TABLES,MAIN-H0033; TABLES:Table 6; CON-002,TRACEABLE_WITH_QUALIFICATION,Oat/scenario coverage and grouped-range representativeness require later cross-crop review.,"Refines exposure likelihood, biological plausibility, applicability or confidence; weight must be assigned in peer review.",TRC-001; CAL-002; CON-002,JUDGMENT
T162-C0107,T162-D1717; T162-D1718; T162-D1719; T162-D1720; T162-D1721; T162-D1722; T162-D1723; T162-D1724; T162-D1725; T162-D1726; T162-D1727; T162-D1728; T162-D1729; T162-D1730; T162-D1731; T162-D1732; T162-D1733; T162-D1734; T162-D1735; T162-D1736; T162-D1737; T162-D1738; T162-D1739; T162-D1740,24,Sugar Beet,Bird and Mammal; all sizes/effect windows where scientifically applicable,All bird and mammal Table 162 rows in this crop family; receptor-specific relevance is explained in the consideration,SEED_ATTRACTIVENESS,"Pelleting may make sugar-beet seed unattractive to birds, but pellet/formulation effects are uncertain; European small mammals have dug up and consumed planted pelleted seed.",CONTEXT_ONLY,EXTRAPOLATED,,MAIN; TABLES,MAIN-P000933; MAIN-P001567; MAIN-P001626,TRACEABLE_WITH_QUALIFICATION,Bird palatability is uncertain; mammal evidence is primarily European and species-specific.,"Refines exposure likelihood, biological plausibility, applicability or confidence; weight must be assigned in peer review.",TRC-001; PH-00003; PH-00005,INTERPRETATION
T162-C0108,T162-D1717; T162-D1718; T162-D1719; T162-D1720; T162-D1721; T162-D1722; T162-D1723; T162-D1724; T162-D1725; T162-D1726; T162-D1727; T162-D1728; T162-D1729; T162-D1730; T162-D1731; T162-D1732; T162-D1733; T162-D1734; T162-D1735; T162-D1736; T162-D1737; T162-D1738; T162-D1739; T162-D1740,24,Sugar Beet,Bird and Mammal; all sizes/effect windows where scientifically applicable,All bird and mammal Table 162 rows in this crop family; receptor-specific relevance is explained in the consideration,SEED_ACCESSIBILITY,"Precision planting at about 2.5 cm and a 0.5% surface assumption limit avian availability, while small mammals are considered capable of excavating buried seed.",CONTEXT_ONLY,ASSUMPTION,2.5 cm; 0.5% surface,MAIN; TABLES,MAIN-P000945; MAIN-P001570; TABLES:Tables 84-90; TABLES:Tables 155-161,TRACEABLE_WITH_QUALIFICATION,"Actual burial, surface density and excavation frequency in Canadian fields are not quantified.","Refines exposure likelihood, biological plausibility, applicability or confidence; weight must be assigned in peer review.",TRC-001; PH-00003; PH-00005,INTERPRETATION
T162-C0109,T162-D1717; T162-D1718; T162-D1719; T162-D1720; T162-D1721; T162-D1722; T162-D1723; T162-D1724; T162-D1725; T162-D1726; T162-D1727; T162-D1728; T162-D1729; T162-D1730; T162-D1731; T162-D1732; T162-D1733; T162-D1734; T162-D1735; T162-D1736; T162-D1737; T162-D1738; T162-D1739; T162-D1740,24,Sugar Beet,Bird and Mammal; all sizes/effect windows where scientifically applicable,All bird and mammal Table 162 rows in this crop family; receptor-specific relevance is explained in the consideration,RESIDUE_DISSIPATION,"The assessment does not apply the general 10-day residue DT50 to sugar-beet seed, increasing modeled exposure duration relative to crops where dissipation is applied.",INCREASES_CONCERN,ASSUMPTION,residue assumed stable,MAIN; TABLES,CROP-062; CROP-063; MAIN-H0052,TRACEABLE_WITH_QUALIFICATION,The scientific basis and field representativeness of the stable-residue treatment require explicit confirmation.,"Refines exposure likelihood, biological plausibility, applicability or confidence; weight must be assigned in peer review.",TRC-001; PH-00003; PH-00005,INTERPRETATION
T162-C0110,T162-D1717; T162-D1718; T162-D1719; T162-D1720; T162-D1721; T162-D1722; T162-D1723; T162-D1724; T162-D1725; T162-D1726; T162-D1727; T162-D1728; T162-D1729; T162-D1730; T162-D1731; T162-D1732; T162-D1733; T162-D1734; T162-D1735; T162-D1736; T162-D1737; T162-D1738; T162-D1739; T162-D1740,24,Sugar Beet,Bird and Mammal; all sizes/effect windows where scientifically applicable,All bird and mammal Table 162 rows in this crop family; receptor-specific relevance is explained in the consideration,DRAFT_COMPLETENESS,Only small-bird and small-mammal risk characterization is completed; the draft explicitly calls for medium and large birds/mammals to be added.,UNCERTAIN,UNCERTAIN,,MAIN; TABLES,MAIN-P000991; MAIN-P001632; PH-00003; PH-00005,TRACEABLE_WITH_QUALIFICATION,Medium-/large-receptor Table 162 positions cannot be fully characterized from the current narrative.,"Refines exposure likelihood, biological plausibility, applicability or confidence; weight must be assigned in peer review.",TRC-001; PH-00003; PH-00005,JUDGMENT
T162-C0111,T162-D1669; T162-D1670; T162-D1671; T162-D1672; T162-D1673; T162-D1674; T162-D1675; T162-D1676; T162-D1677; T162-D1678; T162-D1679; T162-D1680; T162-D1681; T162-D1682; T162-D1683; T162-D1684; T162-D1685; T162-D1686; T162-D1687; T162-D1688; T162-D1689; T162-D1690; T162-D1691; T162-D1692; T162-D1693; T162-D1694; T162-D1695; T162-D1696; T162-D1697; T162-D1698; T162-D1699; T162-D1700; T162-D1701; T162-D1702; T162-D1703; T162-D1704; T162-D1705; T162-D1706; T162-D1707; T162-D1708; T162-D1709; T162-D1710; T162-D1711; T162-D1712; T162-D1713; T162-D1714; T162-D1715; T162-D1716,48,Sunflower,Bird and Mammal; all sizes/effect windows where scientifically applicable,All bird and mammal Table 162 rows in this crop family; receptor-specific relevance is explained in the consideration,PLANTING_METHOD,"Sunflower is planted about 3-5 cm deep; the refined analysis counts surface seed only, with 0.5% for precision and 3.3% for standard drill.",CONTEXT_ONLY,ASSUMPTION,0.5% precision; 3.3% standard drill,MAIN; TABLES,MAIN-P001517; MAIN-P001523; TABLES:Tables 75-83; TABLES:Tables 146-154,TRACEABLE_WITH_QUALIFICATION,Actual surface distributions and post-sowing loss remain uncertain.,"Refines exposure likelihood, biological plausibility, applicability or confidence; weight must be assigned in peer review.",TRC-001; PH-00023,INTERPRETATION
T162-C0112,T162-D1669; T162-D1670; T162-D1671; T162-D1672; T162-D1673; T162-D1674; T162-D1675; T162-D1676; T162-D1677; T162-D1678; T162-D1679; T162-D1680; T162-D1681; T162-D1682; T162-D1683; T162-D1684; T162-D1685; T162-D1686; T162-D1687; T162-D1688; T162-D1689; T162-D1690; T162-D1691; T162-D1692; T162-D1693; T162-D1694; T162-D1695; T162-D1696; T162-D1697; T162-D1698; T162-D1699; T162-D1700; T162-D1701; T162-D1702; T162-D1703; T162-D1704; T162-D1705; T162-D1706; T162-D1707; T162-D1708; T162-D1709; T162-D1710; T162-D1711; T162-D1712; T162-D1713; T162-D1714; T162-D1715; T162-D1716,48,Sunflower,Bird and Mammal; all sizes/effect windows where scientifically applicable,All bird and mammal Table 162 rows in this crop family; receptor-specific relevance is explained in the consideration,DIETARY_PLAUSIBILITY,"Sunflower seed is treated as attractive to birds and mammals, but the assessment identifies little direct information on the proportion of newly sown treated seed in mammal diets.",INCREASES_CONCERN,QUALITATIVE_SUPPORT,,MAIN; TABLES,MAIN-H0049; MAIN-P001513,TRACEABLE_WITH_QUALIFICATION,Attractiveness does not establish encounter rate or sustained dietary fraction.,"Refines exposure likelihood, biological plausibility, applicability or confidence; weight must be assigned in peer review.",TRC-001; PH-00023,INTERPRETATION
T162-C0113,T162-D1669; T162-D1670; T162-D1671; T162-D1672; T162-D1673; T162-D1674; T162-D1681; T162-D1682; T162-D1683; T162-D1684; T162-D1685; T162-D1686; T162-D1693; T162-D1694; T162-D1695; T162-D1696; T162-D1697; T162-D1698; T162-D1705; T162-D1706; T162-D1707; T162-D1708; T162-D1709; T162-D1710,24,Sunflower,Bird; all sizes/effect windows where scientifically applicable,All bird Table 162 rows in this crop family; receptor-specific relevance is explained in the consideration,EXPOSURE_LIKELIHOOD,Standard drilling gives materially higher surface-seed density than precision planting and drives the avian small-bird acute and medium-bird chronic distinctions.,INCREASES_CONCERN,DIRECT_QUANTITATIVE,3.3% versus 0.5% surface seed,MAIN; TABLES,MAIN-P000913; MAIN-P000917; MAIN-P000921; MAIN-P000929,TRACEABLE_WITH_QUALIFICATION,Upper-bound availability does not establish actual consumption.,"Refines exposure likelihood, biological plausibility, applicability or confidence; weight must be assigned in peer review.",TRC-001; PH-00023,EVIDENCE
T162-C0114,T162-D1675; T162-D1676; T162-D1677; T162-D1678; T162-D1679; T162-D1680; T162-D1687; T162-D1688; T162-D1689; T162-D1690; T162-D1691; T162-D1692; T162-D1699; T162-D1700; T162-D1701; T162-D1702; T162-D1703; T162-D1704; T162-D1711; T162-D1712; T162-D1713; T162-D1714; T162-D1715; T162-D1716,24,Sunflower,Mammal; all sizes/effect windows where scientifically applicable,All mammal Table 162 rows in this crop family; receptor-specific relevance is explained in the consideration,DRAFT_COMPLETENESS,"The mammalian Sunflower quantitative narrative is detailed, but the final risk-characterization heading has no completed synthesis.",UNCERTAIN,UNCERTAIN,,MAIN; TABLES,MAIN-H0085; MAIN-P001563; PH-00023,TRACEABLE_WITH_QUALIFICATION,Current Table 162 mammal positions therefore lack an explicit narrative bridge.,"Refines exposure likelihood, biological plausibility, applicability or confidence; weight must be assigned in peer review.",TRC-001; PH-00023,JUDGMENT
